4.990900000000000000e+04,3.950000000000000178e+00,-1.800000000000000044e+00,8.859999999999999432e+00,4.809999999999999831e-01,1.308999999999999886e-01,-1.942000000000000115e-01,8.448999999999999844e-01
4.991700000000000000e+04,3.910000000000000142e+00,-1.840000000000000080e+00,8.900000000000000355e+00,4.809999999999999831e-01,1.310000000000000053e-01,-1.940999999999999948e-01,8.447999999999999954e-01
4.992300000000000000e+04,3.910000000000000142e+00,-1.840000000000000080e+00,8.900000000000000355e+00,4.809999999999999831e-01,1.310000000000000053e-01,-1.940999999999999948e-01,8.447999999999999954e-01
4.992900000000000000e+04,4.019999999999999574e+00,-1.719999999999999973e+00,8.859999999999999432e+00,4.811000000000000276e-01,1.310999999999999943e-01,-1.940000000000000058e-01,8.447999999999999954e-01
4.993700000000000000e+04,3.950000000000000178e+00,-1.639999999999999902e+00,8.859999999999999432e+00,4.812000000000000166e-01,1.312000000000000111e-01,-1.938999999999999890e-01,8.447999999999999954e-01
4.994300000000000000e+04,3.910000000000000142e+00,-1.719999999999999973e+00,8.820000000000000284e+00,4.812000000000000166e-01,1.312000000000000111e-01,-1.938999999999999890e-01,8.447999999999999954e-01
4.994900000000000000e+04,3.910000000000000142e+00,-1.719999999999999973e+00,8.820000000000000284e+00,4.812000000000000166e-01,1.312000000000000111e-01,-1.938999999999999890e-01,8.447999999999999954e-01
4.995500000000000000e+04,3.910000000000000142e+00,-1.719999999999999973e+00,8.820000000000000284e+00,4.813000000000000056e-01,1.313000000000000000e-01,-1.938000000000000000e-01,8.447000000000000064e-01
4.996400000000000000e+04,3.910000000000000142e+00,-1.719999999999999973e+00,8.820000000000000284e+00,4.813000000000000056e-01,1.313000000000000000e-01,-1.938000000000000000e-01,8.447000000000000064e-01
4.997000000000000000e+04,3.910000000000000142e+00,-1.719999999999999973e+00,8.820000000000000284e+00,4.813000000000000056e-01,1.313000000000000000e-01,-1.938000000000000000e-01,8.447000000000000064e-01
4.997700000000000000e+04,3.950000000000000178e+00,-1.800000000000000044e+00,8.820000000000000284e+00,4.813000000000000056e-01,1.313000000000000000e-01,-1.938000000000000000e-01,8.447000000000000064e-01
4.998300000000000000e+04,3.979999999999999982e+00,-1.760000000000000009e+00,8.859999999999999432e+00,4.813000000000000056e-01,1.313000000000000000e-01,-1.938000000000000000e-01,8.447000000000000064e-01
4.999100000000000000e+04,3.979999999999999982e+00,-1.719999999999999973e+00,8.820000000000000284e+00,4.813000000000000056e-01,1.313000000000000000e-01,-1.938000000000000000e-01,8.447000000000000064e-01
4.999800000000000000e+04,3.979999999999999982e+00,-1.760000000000000009e+00,8.820000000000000284e+00,4.813000000000000056e-01,1.313000000000000000e-01,-1.938000000000000000e-01,8.447000000000000064e-01
5.000400000000000000e+04,3.979999999999999982e+00,-1.760000000000000009e+00,8.820000000000000284e+00,4.813000000000000056e-01,1.313000000000000000e-01,-1.938000000000000000e-01,8.447000000000000064e-01
5.001200000000000000e+04,3.950000000000000178e+00,-1.840000000000000080e+00,8.859999999999999432e+00,4.812000000000000166e-01,1.318000000000000005e-01,-1.943000000000000005e-01,8.445000000000000284e-01
5.001800000000000000e+04,3.950000000000000178e+00,-1.840000000000000080e+00,8.859999999999999432e+00,4.812000000000000166e-01,1.318000000000000005e-01,-1.943000000000000005e-01,8.445000000000000284e-01
5.002400000000000000e+04,3.979999999999999982e+00,-1.879999999999999893e+00,8.859999999999999432e+00,4.812000000000000166e-01,1.318000000000000005e-01,-1.943000000000000005e-01,8.445000000000000284e-01
5.003200000000000000e+04,3.950000000000000178e+00,-1.909999999999999920e+00,8.859999999999999432e+00,4.812000000000000166e-01,1.322000000000000119e-01,-1.945000000000000062e-01,8.445000000000000284e-01
5.003800000000000000e+04,3.950000000000000178e+00,-1.909999999999999920e+00,8.859999999999999432e+00,4.812000000000000166e-01,1.322000000000000119e-01,-1.945000000000000062e-01,8.445000000000000284e-01
5.004400000000000000e+04,3.979999999999999982e+00,-1.879999999999999893e+00,8.859999999999999432e+00,4.813000000000000056e-01,1.325000000000000067e-01,-1.945000000000000062e-01,8.444000000000000394e-01
5.005000000000000000e+04,4.019999999999999574e+00,-1.879999999999999893e+00,8.820000000000000284e+00,4.813000000000000056e-01,1.327000000000000124e-01,-1.945000000000000062e-01,8.444000000000000394e-01
5.005700000000000000e+04,4.019999999999999574e+00,-1.840000000000000080e+00,8.820000000000000284e+00,4.813000000000000056e-01,1.328000000000000014e-01,-1.945000000000000062e-01,8.444000000000000394e-01
5.006300000000000000e+04,4.019999999999999574e+00,-1.840000000000000080e+00,8.820000000000000284e+00,4.813000000000000056e-01,1.328000000000000014e-01,-1.945000000000000062e-01,8.444000000000000394e-01
5.007000000000000000e+04,4.019999999999999574e+00,-1.840000000000000080e+00,8.820000000000000284e+00,4.813000000000000056e-01,1.333999999999999908e-01,-1.945999999999999952e-01,8.441999999999999504e-01
5.007700000000000000e+04,3.950000000000000178e+00,-1.909999999999999920e+00,8.789999999999999147e+00,4.813000000000000056e-01,1.333999999999999908e-01,-1.945999999999999952e-01,8.441999999999999504e-01
5.008400000000000000e+04,3.870000000000000107e+00,-2.069999999999999840e+00,8.900000000000000355e+00,4.813000000000000056e-01,1.337000000000000133e-01,-1.945000000000000062e-01,8.441999999999999504e-01
5.009100000000000000e+04,3.790000000000000036e+00,-2.029999999999999805e+00,8.789999999999999147e+00,4.813000000000000056e-01,1.337000000000000133e-01,-1.945000000000000062e-01,8.441999999999999504e-01
5.009800000000000000e+04,3.979999999999999982e+00,-1.639999999999999902e+00,8.789999999999999147e+00,4.813000000000000056e-01,1.343000000000000027e-01,-1.943000000000000005e-01,8.440999999999999615e-01
5.010400000000000000e+04,4.019999999999999574e+00,-1.760000000000000009e+00,8.750000000000000000e+00,4.813999999999999946e-01,1.345999999999999974e-01,-1.942000000000000115e-01,8.440999999999999615e-01
5.011000000000000000e+04,3.830000000000000071e+00,-1.879999999999999893e+00,8.859999999999999432e+00,4.813999999999999946e-01,1.345999999999999974e-01,-1.942000000000000115e-01,8.440999999999999615e-01
5.011700000000000000e+04,3.830000000000000071e+00,-1.639999999999999902e+00,8.900000000000000355e+00,4.815999999999999726e-01,1.353000000000000036e-01,-1.937000000000000111e-01,8.438999999999999835e-01
5.012300000000000000e+04,3.979999999999999982e+00,-1.570000000000000062e+00,8.859999999999999432e+00,4.818000000000000060e-01,1.355999999999999983e-01,-1.935999999999999943e-01,8.438999999999999835e-01
5.013000000000000000e+04,4.059999999999999609e+00,-1.570000000000000062e+00,8.859999999999999432e+00,4.818999999999999950e-01,1.360999999999999988e-01,-1.933999999999999886e-01,8.437000000000000055e-01
5.013700000000000000e+04,3.979999999999999982e+00,-1.570000000000000062e+00,8.859999999999999432e+00,4.820999999999999730e-01,1.363999999999999935e-01,-1.932000000000000106e-01,8.436000000000000165e-01
5.014300000000000000e+04,3.979999999999999982e+00,-1.570000000000000062e+00,8.859999999999999432e+00,4.820999999999999730e-01,1.366999999999999882e-01,-1.932000000000000106e-01,8.435000000000000275e-01
5.015000000000000000e+04,3.979999999999999982e+00,-1.570000000000000062e+00,8.900000000000000355e+00,4.820999999999999730e-01,1.366999999999999882e-01,-1.932000000000000106e-01,8.435000000000000275e-01
5.015700000000000000e+04,4.019999999999999574e+00,-1.409999999999999920e+00,8.939999999999999503e+00,4.823000000000000065e-01,1.378000000000000058e-01,-1.932000000000000106e-01,8.433000000000000496e-01
5.016400000000000000e+04,3.979999999999999982e+00,-1.340000000000000080e+00,9.009999999999999787e+00,4.823000000000000065e-01,1.378000000000000058e-01,-1.932000000000000106e-01,8.433000000000000496e-01
5.017200000000000000e+04,3.979999999999999982e+00,-1.340000000000000080e+00,9.009999999999999787e+00,4.823999999999999955e-01,1.385000000000000120e-01,-1.935000000000000053e-01,8.429999999999999716e-01
5.018300000000000000e+04,3.950000000000000178e+00,-1.409999999999999920e+00,9.050000000000000711e+00,4.823999999999999955e-01,1.393999999999999961e-01,-1.940999999999999948e-01,8.427000000000000046e-01
5.018900000000000000e+04,3.830000000000000071e+00,-1.489999999999999991e+00,9.089999999999999858e+00,4.823000000000000065e-01,1.408999999999999975e-01,-1.955999999999999961e-01,8.421999999999999487e-01
5.019600000000000000e+04,3.680000000000000160e+00,-1.570000000000000062e+00,9.130000000000000782e+00,4.823000000000000065e-01,1.408999999999999975e-01,-1.955999999999999961e-01,8.421999999999999487e-01
5.020200000000000000e+04,3.680000000000000160e+00,-1.760000000000000009e+00,9.279999999999999361e+00,4.823000000000000065e-01,1.408999999999999975e-01,-1.955999999999999961e-01,8.421999999999999487e-01
5.020900000000000000e+04,3.680000000000000160e+00,-1.760000000000000009e+00,9.279999999999999361e+00,4.822000000000000175e-01,1.426999999999999935e-01,-1.978000000000000036e-01,8.414000000000000368e-01
5.021500000000000000e+04,3.750000000000000000e+00,-1.760000000000000009e+00,9.470000000000000639e+00,4.822000000000000175e-01,1.426999999999999935e-01,-1.978000000000000036e-01,8.414000000000000368e-01
5.022100000000000000e+04,3.750000000000000000e+00,-1.760000000000000009e+00,9.470000000000000639e+00,4.822000000000000175e-01,1.426999999999999935e-01,-1.978000000000000036e-01,8.414000000000000368e-01
5.022800000000000000e+04,3.750000000000000000e+00,-1.760000000000000009e+00,9.470000000000000639e+00,4.819999999999999840e-01,1.464000000000000024e-01,-2.018000000000000071e-01,8.399999999999999689e-01
5.023500000000000000e+04,3.750000000000000000e+00,-1.760000000000000009e+00,9.470000000000000639e+00,4.818999999999999950e-01,1.489000000000000046e-01,-2.043000000000000094e-01,8.388999999999999790e-01
5.024100000000000000e+04,3.750000000000000000e+00,-1.760000000000000009e+00,9.470000000000000639e+00,4.818999999999999950e-01,1.489000000000000046e-01,-2.043000000000000094e-01,8.388999999999999790e-01
5.024700000000000000e+04,4.330000000000000071e+00,-2.790000000000000036e+00,1.000999999999999979e+01,4.818999999999999950e-01,1.489000000000000046e-01,-2.043000000000000094e-01,8.388999999999999790e-01
5.025300000000000000e+04,3.790000000000000036e+00,-3.520000000000000018e+00,9.890000000000000568e+00,4.818999999999999950e-01,1.527999999999999914e-01,-2.096999999999999975e-01,8.368999999999999773e-01
5.026100000000000000e+04,4.019999999999999574e+00,-3.020000000000000018e+00,9.970000000000000639e+00,4.817000000000000171e-01,1.564000000000000112e-01,-2.131000000000000116e-01,8.356000000000000094e-01
5.026700000000000000e+04,4.669999999999999929e+00,-3.060000000000000053e+00,1.005000000000000071e+01,4.817000000000000171e-01,1.564000000000000112e-01,-2.131000000000000116e-01,8.356000000000000094e-01
5.027400000000000000e+04,4.980000000000000426e+00,-3.290000000000000036e+00,1.005000000000000071e+01,4.813999999999999946e-01,1.635999999999999954e-01,-2.169999999999999984e-01,8.333000000000000407e-01
5.028100000000000000e+04,4.980000000000000426e+00,-3.290000000000000036e+00,1.005000000000000071e+01,4.813999999999999946e-01,1.635999999999999954e-01,-2.169999999999999984e-01,8.333000000000000407e-01
5.028700000000000000e+04,4.410000000000000142e+00,-2.600000000000000089e+00,9.550000000000000711e+00,4.813999999999999946e-01,1.635999999999999954e-01,-2.169999999999999984e-01,8.333000000000000407e-01
5.029400000000000000e+04,4.410000000000000142e+00,-2.600000000000000089e+00,9.550000000000000711e+00,4.811000000000000276e-01,1.751000000000000056e-01,-2.207999999999999963e-01,8.300999999999999490e-01
5.030100000000000000e+04,4.410000000000000142e+00,-2.600000000000000089e+00,9.550000000000000711e+00,4.811000000000000276e-01,1.751000000000000056e-01,-2.207999999999999963e-01,8.300999999999999490e-01
5.030700000000000000e+04,4.139999999999999680e+00,-2.029999999999999805e+00,9.089999999999999858e+00,4.811000000000000276e-01,1.806999999999999995e-01,-2.227999999999999980e-01,8.284000000000000252e-01
5.031400000000000000e+04,3.870000000000000107e+00,-1.840000000000000080e+00,8.789999999999999147e+00,4.811000000000000276e-01,1.806999999999999995e-01,-2.227999999999999980e-01,8.284000000000000252e-01
5.032000000000000000e+04,4.209999999999999964e+00,-2.100000000000000089e+00,9.009999999999999787e+00,4.811000000000000276e-01,1.806999999999999995e-01,-2.227999999999999980e-01,8.284000000000000252e-01
5.032700000000000000e+04,3.640000000000000124e+00,-2.259999999999999787e+00,8.820000000000000284e+00,4.811000000000000276e-01,1.806999999999999995e-01,-2.227999999999999980e-01,8.284000000000000252e-01
5.033300000000000000e+04,3.640000000000000124e+00,-2.259999999999999787e+00,8.820000000000000284e+00,4.804999999999999827e-01,1.938999999999999890e-01,-2.296999999999999875e-01,8.237999999999999767e-01
5.034200000000000000e+04,2.069999999999999840e+00,-3.370000000000000107e+00,9.400000000000000355e+00,4.797000000000000153e-01,1.983999999999999930e-01,-2.336000000000000021e-01,8.221000000000000529e-01
5.034800000000000000e+04,1.840000000000000080e+00,-3.600000000000000089e+00,9.630000000000000782e+00,4.788999999999999924e-01,2.006000000000000005e-01,-2.356999999999999929e-01,8.215000000000000080e-01
5.035500000000000000e+04,1.149999999999999911e+00,-3.479999999999999982e+00,9.859999999999999432e+00,4.779999999999999805e-01,2.026999999999999913e-01,-2.378000000000000114e-01,8.208999999999999631e-01
5.036200000000000000e+04,4.600000000000000200e-01,-2.870000000000000107e+00,1.000999999999999979e+01,4.753999999999999893e-01,2.066999999999999948e-01,-2.416999999999999982e-01,8.203000000000000291e-01
5.036800000000000000e+04,1.900000000000000022e-01,-2.600000000000000089e+00,1.019999999999999929e+01,4.737999999999999989e-01,2.086000000000000076e-01,-2.434999999999999942e-01,8.202000000000000401e-01
5.037400000000000000e+04,4.000000000000000083e-02,-2.450000000000000178e+00,1.047000000000000064e+01,4.694999999999999729e-01,2.121000000000000107e-01,-2.472000000000000031e-01,8.205999999999999961e-01
5.038100000000000000e+04,4.000000000000000083e-02,-2.450000000000000178e+00,1.047000000000000064e+01,4.694999999999999729e-01,2.121000000000000107e-01,-2.472000000000000031e-01,8.205999999999999961e-01
5.038800000000000000e+04,-7.299999999999999822e-01,-2.180000000000000160e+00,1.042999999999999972e+01,4.694999999999999729e-01,2.121000000000000107e-01,-2.472000000000000031e-01,8.205999999999999961e-01
5.039900000000000000e+04,-7.299999999999999822e-01,-1.949999999999999956e+00,1.089000000000000057e+01,4.694999999999999729e-01,2.121000000000000107e-01,-2.472000000000000031e-01,8.205999999999999961e-01
5.040500000000000000e+04,-1.000000000000000000e+00,-1.110000000000000098e+00,1.116000000000000014e+01,4.694999999999999729e-01,2.121000000000000107e-01,-2.472000000000000031e-01,8.205999999999999961e-01
5.041200000000000000e+04,-1.300000000000000044e+00,-7.199999999999999734e-01,1.119999999999999929e+01,4.694999999999999729e-01,2.121000000000000107e-01,-2.472000000000000031e-01,8.205999999999999961e-01
5.041900000000000000e+04,-1.300000000000000044e+00,-7.199999999999999734e-01,1.119999999999999929e+01,4.481999999999999873e-01,2.214000000000000135e-01,-2.559000000000000163e-01,8.274000000000000243e-01
5.042500000000000000e+04,-7.700000000000000178e-01,-2.300000000000000100e-01,1.139000000000000057e+01,4.426999999999999824e-01,2.223999999999999866e-01,-2.565999999999999948e-01,8.298999999999999710e-01
5.043100000000000000e+04,-7.700000000000000178e-01,-2.300000000000000100e-01,1.139000000000000057e+01,4.426999999999999824e-01,2.223999999999999866e-01,-2.565999999999999948e-01,8.298999999999999710e-01
5.043800000000000000e+04,-7.700000000000000178e-01,-2.300000000000000100e-01,1.139000000000000057e+01,4.375000000000000000e-01,2.223999999999999866e-01,-2.569000000000000172e-01,8.325000000000000178e-01
5.044400000000000000e+04,-1.900000000000000022e-01,1.000000000000000000e+00,1.166000000000000014e+01,4.323000000000000176e-01,2.217000000000000082e-01,-2.569000000000000172e-01,8.354000000000000314e-01
5.045200000000000000e+04,6.899999999999999467e-01,1.459999999999999964e+00,1.196000000000000085e+01,4.300999999999999823e-01,2.210999999999999910e-01,-2.567999999999999727e-01,8.367999999999999883e-01
5.045800000000000000e+04,9.200000000000000400e-01,1.610000000000000098e+00,1.192999999999999972e+01,4.300999999999999823e-01,2.210999999999999910e-01,-2.567999999999999727e-01,8.367999999999999883e-01
5.046500000000000000e+04,2.180000000000000160e+00,5.799999999999999600e-01,1.241999999999999993e+01,4.225999999999999757e-01,2.187999999999999945e-01,-2.560000000000000053e-01,8.414000000000000368e-01
5.047100000000000000e+04,2.410000000000000142e+00,1.419999999999999929e+00,1.126999999999999957e+01,4.225999999999999757e-01,2.187999999999999945e-01,-2.560000000000000053e-01,8.414000000000000368e-01
5.047900000000000000e+04,1.340000000000000080e+00,4.059999999999999609e+00,1.042999999999999972e+01,4.173000000000000043e-01,2.174000000000000099e-01,-2.540999999999999925e-01,8.449999999999999734e-01
5.048600000000000000e+04,2.950000000000000178e+00,5.099999999999999645e+00,1.042999999999999972e+01,4.122000000000000108e-01,2.160999999999999865e-01,-2.511999999999999789e-01,8.487000000000000099e-01
5.049200000000000000e+04,2.950000000000000178e+00,5.099999999999999645e+00,1.042999999999999972e+01,4.122000000000000108e-01,2.160999999999999865e-01,-2.511999999999999789e-01,8.487000000000000099e-01
5.049900000000000000e+04,2.950000000000000178e+00,5.099999999999999645e+00,1.042999999999999972e+01,4.052000000000000046e-01,2.137999999999999901e-01,-2.474999999999999978e-01,8.537000000000000144e-01
5.050600000000000000e+04,4.019999999999999574e+00,3.870000000000000107e+00,1.000999999999999979e+01,4.030000000000000249e-01,2.129999999999999949e-01,-2.464999999999999969e-01,8.552999999999999492e-01
5.051300000000000000e+04,4.019999999999999574e+00,3.870000000000000107e+00,1.000999999999999979e+01,4.030000000000000249e-01,2.129999999999999949e-01,-2.464999999999999969e-01,8.552999999999999492e-01
5.052000000000000000e+04,5.860000000000000320e+00,3.490000000000000213e+00,1.042999999999999972e+01,3.972999999999999865e-01,2.109999999999999931e-01,-2.431999999999999995e-01,8.594000000000000528e-01
5.052600000000000000e+04,5.750000000000000000e+00,2.910000000000000142e+00,1.013000000000000078e+01,3.972999999999999865e-01,2.109999999999999931e-01,-2.431999999999999995e-01,8.594000000000000528e-01
5.053300000000000000e+04,5.709999999999999964e+00,2.839999999999999858e+00,9.820000000000000284e+00,3.972999999999999865e-01,2.109999999999999931e-01,-2.431999999999999995e-01,8.594000000000000528e-01
5.054000000000000000e+04,5.629999999999999893e+00,3.259999999999999787e+00,8.789999999999999147e+00,3.972999999999999865e-01,2.109999999999999931e-01,-2.431999999999999995e-01,8.594000000000000528e-01
5.054600000000000000e+04,5.790000000000000036e+00,3.410000000000000142e+00,7.940000000000000391e+00,3.972999999999999865e-01,2.109999999999999931e-01,-2.431999999999999995e-01,8.594000000000000528e-01
5.055200000000000000e+04,6.429999999999999716e+00,3.339999999999999858e+00,7.900000000000000355e+00,3.972999999999999865e-01,2.109999999999999931e-01,-2.431999999999999995e-01,8.594000000000000528e-01
5.055800000000000000e+04,8.230000000000000426e+00,2.379999999999999893e+00,7.980000000000000426e+00,3.891000000000000014e-01,2.101000000000000090e-01,-2.333000000000000074e-01,8.659999999999999920e-01
5.056500000000000000e+04,8.349999999999999645e+00,2.069999999999999840e+00,7.480000000000000426e+00,3.891000000000000014e-01,2.101000000000000090e-01,-2.333000000000000074e-01,8.659999999999999920e-01
5.057200000000000000e+04,8.039999999999999147e+00,1.419999999999999929e+00,6.450000000000000178e+00,3.891000000000000014e-01,2.101000000000000090e-01,-2.333000000000000074e-01,8.659999999999999920e-01
5.057900000000000000e+04,8.269999999999999574e+00,1.340000000000000080e+00,6.250000000000000000e+00,3.879000000000000226e-01,2.111999999999999988e-01,-2.316000000000000003e-01,8.668000000000000149e-01
5.058500000000000000e+04,9.539999999999999147e+00,1.770000000000000018e+00,5.950000000000000178e+00,3.879000000000000226e-01,2.111999999999999988e-01,-2.316000000000000003e-01,8.668000000000000149e-01
5.059100000000000000e+04,9.539999999999999147e+00,1.770000000000000018e+00,5.950000000000000178e+00,3.879000000000000226e-01,2.111999999999999988e-01,-2.316000000000000003e-01,8.668000000000000149e-01
5.059700000000000000e+04,9.769999999999999574e+00,1.419999999999999929e+00,4.990000000000000213e+00,3.879000000000000226e-01,2.111999999999999988e-01,-2.316000000000000003e-01,8.668000000000000149e-01
5.060300000000000000e+04,1.050000000000000000e+01,8.900000000000000133e-01,4.759999999999999787e+00,3.879000000000000226e-01,2.111999999999999988e-01,-2.316000000000000003e-01,8.668000000000000149e-01
5.061300000000000000e+04,1.050000000000000000e+01,8.900000000000000133e-01,4.759999999999999787e+00,3.879000000000000226e-01,2.111999999999999988e-01,-2.316000000000000003e-01,8.668000000000000149e-01
5.061900000000000000e+04,1.050000000000000000e+01,8.900000000000000133e-01,4.759999999999999787e+00,3.840000000000000080e-01,2.210000000000000020e-01,-2.326000000000000012e-01,8.658000000000000140e-01
5.062500000000000000e+04,1.172000000000000064e+01,1.610000000000000098e+00,2.689999999999999947e+00,3.840000000000000080e-01,2.210000000000000020e-01,-2.326000000000000012e-01,8.658000000000000140e-01
5.063100000000000000e+04,1.278999999999999915e+01,1.800000000000000044e+00,2.810000000000000053e+00,3.840000000000000080e-01,2.210000000000000020e-01,-2.326000000000000012e-01,8.658000000000000140e-01
5.063800000000000000e+04,1.283000000000000007e+01,1.500000000000000000e+00,2.160000000000000142e+00,3.836999999999999855e-01,2.263999999999999901e-01,-2.340000000000000135e-01,8.641999999999999682e-01
5.064500000000000000e+04,1.306000000000000050e+01,1.689999999999999947e+00,1.929999999999999938e+00,3.835999999999999965e-01,2.301999999999999880e-01,-2.361000000000000043e-01,8.626000000000000334e-01
5.065100000000000000e+04,1.306000000000000050e+01,1.689999999999999947e+00,1.929999999999999938e+00,3.836999999999999855e-01,2.320000000000000118e-01,-2.374999999999999889e-01,8.617000000000000215e-01
5.065700000000000000e+04,1.341000000000000014e+01,2.189999999999999947e+00,1.729999999999999982e+00,3.845999999999999974e-01,2.356999999999999929e-01,-2.406000000000000083e-01,8.594000000000000528e-01
5.066500000000000000e+04,1.416999999999999993e+01,2.189999999999999947e+00,2.120000000000000107e+00,3.854000000000000203e-01,2.376999999999999946e-01,-2.422999999999999876e-01,8.580999999999999739e-01
5.067100000000000000e+04,1.378999999999999915e+01,1.879999999999999893e+00,1.659999999999999920e+00,3.854000000000000203e-01,2.376999999999999946e-01,-2.422999999999999876e-01,8.580999999999999739e-01
5.067800000000000000e+04,1.378999999999999915e+01,1.879999999999999893e+00,1.659999999999999920e+00,3.896000000000000019e-01,2.437000000000000000e-01,-2.474999999999999978e-01,8.529999999999999805e-01
5.068600000000000000e+04,1.378999999999999915e+01,1.879999999999999893e+00,1.659999999999999920e+00,3.896000000000000019e-01,2.437000000000000000e-01,-2.474999999999999978e-01,8.529999999999999805e-01
5.069300000000000000e+04,1.414000000000000057e+01,2.990000000000000213e+00,9.699999999999999734e-01,3.973999999999999755e-01,2.499000000000000110e-01,-2.535000000000000031e-01,8.457999999999999963e-01
5.070000000000000000e+04,1.443999999999999950e+01,2.459999999999999964e+00,8.900000000000000133e-01,4.006000000000000116e-01,2.515999999999999903e-01,-2.560000000000000053e-01,8.429999999999999716e-01
5.070600000000000000e+04,1.428999999999999915e+01,1.729999999999999982e+00,8.900000000000000133e-01,4.006000000000000116e-01,2.515999999999999903e-01,-2.560000000000000053e-01,8.429999999999999716e-01
5.071200000000000000e+04,1.443999999999999950e+01,5.799999999999999600e-01,6.600000000000000311e-01,4.006000000000000116e-01,2.515999999999999903e-01,-2.560000000000000053e-01,8.429999999999999716e-01
5.071900000000000000e+04,1.485999999999999943e+01,-1.499999999999999944e-01,1.090000000000000080e+00,4.006000000000000116e-01,2.515999999999999903e-01,-2.560000000000000053e-01,8.429999999999999716e-01
5.072500000000000000e+04,1.485999999999999943e+01,-1.499999999999999944e-01,1.090000000000000080e+00,4.163000000000000034e-01,2.572999999999999732e-01,-2.674000000000000266e-01,8.299999999999999600e-01
5.073100000000000000e+04,1.485999999999999943e+01,-1.499999999999999944e-01,1.090000000000000080e+00,4.163000000000000034e-01,2.572999999999999732e-01,-2.674000000000000266e-01,8.299999999999999600e-01
5.073700000000000000e+04,1.351999999999999957e+01,-1.340000000000000080e+00,1.120000000000000107e+00,4.163000000000000034e-01,2.572999999999999732e-01,-2.674000000000000266e-01,8.299999999999999600e-01
5.074300000000000000e+04,1.301999999999999957e+01,-2.680000000000000160e+00,1.159999999999999920e+00,4.348000000000000198e-01,2.626000000000000001e-01,-2.777999999999999914e-01,8.154000000000000137e-01
5.075000000000000000e+04,1.301999999999999957e+01,-2.680000000000000160e+00,1.159999999999999920e+00,4.348000000000000198e-01,2.626000000000000001e-01,-2.777999999999999914e-01,8.154000000000000137e-01
5.075600000000000000e+04,1.291000000000000014e+01,-2.290000000000000036e+00,7.399999999999999911e-01,4.497999999999999776e-01,2.676999999999999935e-01,-2.829999999999999738e-01,8.036999999999999700e-01
5.076300000000000000e+04,1.341000000000000014e+01,-2.410000000000000142e+00,5.500000000000000444e-01,4.606999999999999984e-01,2.715000000000000191e-01,-2.857000000000000095e-01,7.952000000000000179e-01
5.076900000000000000e+04,1.317999999999999972e+01,-3.100000000000000089e+00,2.399999999999999911e-01,4.667000000000000037e-01,2.736000000000000099e-01,-2.871000000000000218e-01,7.904999999999999805e-01
5.077500000000000000e+04,1.325000000000000000e+01,-3.330000000000000071e+00,-7.500000000000000000e-01,4.667000000000000037e-01,2.736000000000000099e-01,-2.871000000000000218e-01,7.904999999999999805e-01
5.078100000000000000e+04,1.359999999999999964e+01,-4.629999999999999893e+00,-1.139999999999999902e+00,4.776000000000000245e-01,2.772000000000000020e-01,-2.898999999999999910e-01,7.816999999999999504e-01
5.078700000000000000e+04,1.359999999999999964e+01,-4.629999999999999893e+00,-1.139999999999999902e+00,4.832000000000000184e-01,2.788999999999999813e-01,-2.913000000000000034e-01,7.771000000000000130e-01
5.079300000000000000e+04,1.359999999999999964e+01,-4.629999999999999893e+00,-1.139999999999999902e+00,4.885999999999999788e-01,2.807999999999999940e-01,-2.927000000000000157e-01,7.724999999999999645e-01
5.080000000000000000e+04,1.359999999999999964e+01,-4.629999999999999893e+00,-1.139999999999999902e+00,4.938000000000000167e-01,2.827000000000000068e-01,-2.940999999999999726e-01,7.679000000000000270e-01
5.080600000000000000e+04,1.301999999999999957e+01,-5.700000000000000178e+00,-1.409999999999999920e+00,5.038000000000000256e-01,2.868999999999999884e-01,-2.968000000000000083e-01,7.588000000000000300e-01
5.081200000000000000e+04,1.301999999999999957e+01,-5.700000000000000178e+00,-1.409999999999999920e+00,5.084999999999999520e-01,2.892000000000000126e-01,-2.979999999999999871e-01,7.542999999999999705e-01
5.082100000000000000e+04,1.301999999999999957e+01,-5.700000000000000178e+00,-1.409999999999999920e+00,5.084999999999999520e-01,2.892000000000000126e-01,-2.979999999999999871e-01,7.542999999999999705e-01
5.082700000000000000e+04,1.301999999999999957e+01,-5.700000000000000178e+00,-1.409999999999999920e+00,5.084999999999999520e-01,2.892000000000000126e-01,-2.979999999999999871e-01,7.542999999999999705e-01
5.083300000000000000e+04,1.230000000000000071e+01,-6.780000000000000249e+00,-6.400000000000000133e-01,5.084999999999999520e-01,2.892000000000000126e-01,-2.979999999999999871e-01,7.542999999999999705e-01
5.084000000000000000e+04,1.172000000000000064e+01,-6.740000000000000213e+00,-1.020000000000000018e+00,5.325999999999999623e-01,3.052000000000000268e-01,-3.019999999999999907e-01,7.294000000000000483e-01
5.084600000000000000e+04,1.141000000000000014e+01,-6.629999999999999893e+00,-9.499999999999999556e-01,5.325999999999999623e-01,3.052000000000000268e-01,-3.019999999999999907e-01,7.294000000000000483e-01
5.085200000000000000e+04,1.141000000000000014e+01,-6.629999999999999893e+00,-9.499999999999999556e-01,5.423000000000000043e-01,3.140000000000000013e-01,-3.032000000000000250e-01,7.178999999999999826e-01
5.086100000000000000e+04,1.202999999999999936e+01,-5.549999999999999822e+00,-3.699999999999999956e-01,5.453000000000000069e-01,3.169000000000000150e-01,-3.038000000000000145e-01,7.140999999999999570e-01
5.086800000000000000e+04,1.217999999999999972e+01,-6.360000000000000320e+00,2.800000000000000266e-01,5.483999999999999986e-01,3.196999999999999842e-01,-3.045999999999999819e-01,7.100999999999999535e-01
5.087600000000000000e+04,1.172000000000000064e+01,-7.009999999999999787e+00,3.599999999999999867e-01,5.512000000000000233e-01,3.220999999999999974e-01,-3.054000000000000048e-01,7.065000000000000169e-01
5.088300000000000000e+04,1.083999999999999986e+01,-7.849999999999999645e+00,6.999999999999999556e-01,5.568999999999999506e-01,3.270000000000000129e-01,-3.073000000000000176e-01,6.988999999999999657e-01
5.088900000000000000e+04,1.083999999999999986e+01,-7.849999999999999645e+00,6.999999999999999556e-01,5.620000000000000551e-01,3.321000000000000063e-01,-3.089000000000000079e-01,6.916999999999999815e-01
5.089600000000000000e+04,1.083999999999999986e+01,-7.849999999999999645e+00,6.999999999999999556e-01,5.620000000000000551e-01,3.321000000000000063e-01,-3.089000000000000079e-01,6.916999999999999815e-01
5.090500000000000000e+04,1.122000000000000064e+01,-7.309999999999999609e+00,1.810000000000000053e+00,5.687999999999999723e-01,3.402999999999999914e-01,-3.109999999999999987e-01,6.812000000000000277e-01
5.091100000000000000e+04,1.122000000000000064e+01,-7.309999999999999609e+00,1.810000000000000053e+00,5.687999999999999723e-01,3.402999999999999914e-01,-3.109999999999999987e-01,6.812000000000000277e-01
5.091700000000000000e+04,1.068999999999999950e+01,-7.700000000000000178e+00,1.889999999999999902e+00,5.687999999999999723e-01,3.402999999999999914e-01,-3.109999999999999987e-01,6.812000000000000277e-01
5.092300000000000000e+04,1.068999999999999950e+01,-7.700000000000000178e+00,1.889999999999999902e+00,5.754000000000000226e-01,3.483999999999999875e-01,-3.125999999999999890e-01,6.706999999999999629e-01
5.092900000000000000e+04,1.068999999999999950e+01,-7.700000000000000178e+00,1.889999999999999902e+00,5.754000000000000226e-01,3.483999999999999875e-01,-3.125999999999999890e-01,6.706999999999999629e-01
5.093500000000000000e+04,1.050000000000000000e+01,-8.000000000000000000e+00,2.770000000000000018e+00,5.754000000000000226e-01,3.483999999999999875e-01,-3.125999999999999890e-01,6.706999999999999629e-01
5.094100000000000000e+04,1.073000000000000043e+01,-8.269999999999999574e+00,3.040000000000000036e+00,5.826999999999999957e-01,3.590999999999999748e-01,-3.136999999999999789e-01,6.581000000000000183e-01
5.094800000000000000e+04,1.080000000000000071e+01,-8.119999999999999218e+00,3.109999999999999876e+00,5.857999999999999874e-01,3.648000000000000131e-01,-3.136999999999999789e-01,6.522000000000000020e-01
5.095400000000000000e+04,1.096000000000000085e+01,-7.889999999999999680e+00,3.649999999999999911e+00,5.857999999999999874e-01,3.648000000000000131e-01,-3.136999999999999789e-01,6.522000000000000020e-01
5.096000000000000000e+04,1.030000000000000071e+01,-8.390000000000000568e+00,4.040000000000000036e+00,5.857999999999999874e-01,3.648000000000000131e-01,-3.136999999999999789e-01,6.522000000000000020e-01
5.096600000000000000e+04,1.030000000000000071e+01,-8.390000000000000568e+00,4.040000000000000036e+00,5.857999999999999874e-01,3.648000000000000131e-01,-3.136999999999999789e-01,6.522000000000000020e-01
5.097200000000000000e+04,1.026999999999999957e+01,-8.880000000000000782e+00,4.190000000000000391e+00,5.907999999999999918e-01,3.765999999999999903e-01,-3.120999999999999885e-01,6.417000000000000481e-01
5.098000000000000000e+04,1.026999999999999957e+01,-8.039999999999999147e+00,4.679999999999999716e+00,5.923000000000000487e-01,3.831999999999999851e-01,-3.106999999999999762e-01,6.370000000000000107e-01
5.098700000000000000e+04,1.030000000000000071e+01,-8.160000000000000142e+00,4.839999999999999858e+00,5.927999999999999936e-01,3.861999999999999877e-01,-3.099000000000000088e-01,6.351999999999999869e-01
5.099300000000000000e+04,9.960000000000000853e+00,-8.580000000000000071e+00,5.070000000000000284e+00,5.927999999999999936e-01,3.861999999999999877e-01,-3.099000000000000088e-01,6.351999999999999869e-01
5.099900000000000000e+04,9.960000000000000853e+00,-8.580000000000000071e+00,5.070000000000000284e+00,5.933000000000000496e-01,3.921999999999999931e-01,-3.081999999999999740e-01,6.318000000000000282e-01
5.100500000000000000e+04,9.960000000000000853e+00,-8.580000000000000071e+00,5.070000000000000284e+00,5.933000000000000496e-01,3.921999999999999931e-01,-3.081999999999999740e-01,6.318000000000000282e-01
5.101100000000000000e+04,9.960000000000000853e+00,-8.580000000000000071e+00,5.070000000000000284e+00,5.933000000000000496e-01,3.921999999999999931e-01,-3.081999999999999740e-01,6.318000000000000282e-01
5.101700000000000000e+04,1.003999999999999915e+01,-6.969999999999999751e+00,5.679999999999999716e+00,5.930999999999999606e-01,4.066000000000000170e-01,-3.035999999999999810e-01,6.250999999999999890e-01
5.102400000000000000e+04,9.769999999999999574e+00,-7.040000000000000036e+00,5.070000000000000284e+00,5.930999999999999606e-01,4.066000000000000170e-01,-3.035999999999999810e-01,6.250999999999999890e-01
5.103400000000000000e+04,9.769999999999999574e+00,-7.040000000000000036e+00,5.070000000000000284e+00,5.930999999999999606e-01,4.066000000000000170e-01,-3.035999999999999810e-01,6.250999999999999890e-01
5.104000000000000000e+04,8.619999999999999218e+00,-2.979999999999999982e+00,4.799999999999999822e+00,5.930999999999999606e-01,4.066000000000000170e-01,-3.035999999999999810e-01,6.250999999999999890e-01
5.104600000000000000e+04,9.080000000000000071e+00,-2.479999999999999982e+00,5.759999999999999787e+00,5.930999999999999606e-01,4.066000000000000170e-01,-3.035999999999999810e-01,6.250999999999999890e-01
5.105200000000000000e+04,9.689999999999999503e+00,-2.259999999999999787e+00,6.559999999999999609e+00,5.930999999999999606e-01,4.066000000000000170e-01,-3.035999999999999810e-01,6.250999999999999890e-01
5.105800000000000000e+04,1.015000000000000036e+01,-2.180000000000000160e+00,6.870000000000000107e+00,5.911999999999999478e-01,4.173999999999999932e-01,-3.080999999999999850e-01,6.176000000000000378e-01
5.106400000000000000e+04,8.960000000000000853e+00,-4.709999999999999964e+00,6.709999999999999964e+00,5.911999999999999478e-01,4.168999999999999928e-01,-3.101999999999999758e-01,6.168000000000000149e-01
5.107000000000000000e+04,8.960000000000000853e+00,-4.709999999999999964e+00,6.709999999999999964e+00,5.911999999999999478e-01,4.168999999999999928e-01,-3.101999999999999758e-01,6.168000000000000149e-01
5.107600000000000000e+04,8.349999999999999645e+00,-6.089999999999999858e+00,6.639999999999999680e+00,5.911999999999999478e-01,4.168999999999999928e-01,-3.101999999999999758e-01,6.168000000000000149e-01
5.108200000000000000e+04,8.349999999999999645e+00,-6.089999999999999858e+00,6.639999999999999680e+00,5.900999999999999579e-01,4.148999999999999910e-01,-3.209000000000000186e-01,6.137000000000000233e-01
5.109000000000000000e+04,8.349999999999999645e+00,-6.089999999999999858e+00,6.639999999999999680e+00,5.895000000000000240e-01,4.148999999999999910e-01,-3.235000000000000098e-01,6.129999999999999893e-01
5.109700000000000000e+04,8.849999999999999645e+00,-8.230000000000000426e+00,7.790000000000000036e+00,5.895000000000000240e-01,4.148999999999999910e-01,-3.235000000000000098e-01,6.129999999999999893e-01
5.110300000000000000e+04,8.009999999999999787e+00,-6.360000000000000320e+00,8.630000000000000782e+00,5.895000000000000240e-01,4.148999999999999910e-01,-3.235000000000000098e-01,6.129999999999999893e-01
5.111000000000000000e+04,7.549999999999999822e+00,-6.429999999999999716e+00,8.980000000000000426e+00,5.852000000000000535e-01,4.154999999999999805e-01,-3.340000000000000191e-01,6.109999999999999876e-01
5.111700000000000000e+04,7.549999999999999822e+00,-6.429999999999999716e+00,8.980000000000000426e+00,5.852000000000000535e-01,4.154999999999999805e-01,-3.340000000000000191e-01,6.109999999999999876e-01
5.112400000000000000e+04,6.400000000000000355e+00,-7.009999999999999787e+00,9.630000000000000782e+00,5.852000000000000535e-01,4.154999999999999805e-01,-3.340000000000000191e-01,6.109999999999999876e-01
5.113000000000000000e+04,6.400000000000000355e+00,-7.009999999999999787e+00,9.630000000000000782e+00,5.778999999999999693e-01,4.149999999999999800e-01,-3.433999999999999830e-01,6.130999999999999783e-01
5.113600000000000000e+04,6.400000000000000355e+00,-7.009999999999999787e+00,9.630000000000000782e+00,5.731000000000000538e-01,4.143000000000000016e-01,-3.477999999999999980e-01,6.156000000000000361e-01
5.114400000000000000e+04,5.860000000000000320e+00,-4.360000000000000320e+00,1.084999999999999964e+01,5.705999999999999961e-01,4.138000000000000012e-01,-3.497000000000000108e-01,6.171999999999999709e-01
5.115000000000000000e+04,5.549999999999999822e+00,-4.400000000000000355e+00,1.111999999999999922e+01,5.679999999999999494e-01,4.129999999999999782e-01,-3.516000000000000236e-01,6.189999999999999947e-01
5.115600000000000000e+04,5.519999999999999574e+00,-4.400000000000000355e+00,1.153999999999999915e+01,5.647999999999999687e-01,4.119999999999999774e-01,-3.534999999999999809e-01,6.215000000000000524e-01
5.116200000000000000e+04,5.549999999999999822e+00,-4.360000000000000320e+00,1.158000000000000007e+01,5.647999999999999687e-01,4.119999999999999774e-01,-3.534999999999999809e-01,6.215000000000000524e-01
5.116800000000000000e+04,5.549999999999999822e+00,-4.360000000000000320e+00,1.158000000000000007e+01,5.647999999999999687e-01,4.119999999999999774e-01,-3.534999999999999809e-01,6.215000000000000524e-01
5.117500000000000000e+04,5.549999999999999822e+00,-4.360000000000000320e+00,1.158000000000000007e+01,5.647999999999999687e-01,4.119999999999999774e-01,-3.534999999999999809e-01,6.215000000000000524e-01
5.118100000000000000e+04,3.979999999999999982e+00,-2.450000000000000178e+00,1.108000000000000007e+01,5.647999999999999687e-01,4.119999999999999774e-01,-3.534999999999999809e-01,6.215000000000000524e-01
5.118700000000000000e+04,3.330000000000000071e+00,-1.760000000000000009e+00,1.108000000000000007e+01,5.444999999999999840e-01,4.011000000000000121e-01,-3.585999999999999743e-01,6.434999999999999609e-01
5.119500000000000000e+04,3.330000000000000071e+00,-1.070000000000000062e+00,1.092999999999999972e+01,5.414999999999999813e-01,3.988999999999999768e-01,-3.588000000000000078e-01,6.472999999999999865e-01
5.120300000000000000e+04,4.019999999999999574e+00,9.599999999999999645e-01,1.066000000000000014e+01,5.414999999999999813e-01,3.988999999999999768e-01,-3.588000000000000078e-01,6.472999999999999865e-01
5.121000000000000000e+04,4.019999999999999574e+00,9.599999999999999645e-01,1.066000000000000014e+01,5.414999999999999813e-01,3.988999999999999768e-01,-3.588000000000000078e-01,6.472999999999999865e-01
5.121600000000000000e+04,4.410000000000000142e+00,1.000000000000000000e+00,1.035999999999999943e+01,5.293999999999999817e-01,3.881999999999999895e-01,-3.595999999999999752e-01,6.631000000000000227e-01
5.122300000000000000e+04,3.680000000000000160e+00,1.379999999999999893e+00,9.890000000000000568e+00,5.262000000000000011e-01,3.846999999999999864e-01,-3.597000000000000197e-01,6.675999999999999712e-01
5.122900000000000000e+04,3.680000000000000160e+00,1.379999999999999893e+00,9.890000000000000568e+00,5.205999999999999517e-01,3.775000000000000022e-01,-3.598999999999999977e-01,6.760000000000000453e-01
5.123600000000000000e+04,3.370000000000000107e+00,1.189999999999999947e+00,9.929999999999999716e+00,5.179000000000000270e-01,3.738000000000000211e-01,-3.598999999999999977e-01,6.801000000000000378e-01
5.124700000000000000e+04,3.100000000000000089e+00,1.340000000000000080e+00,9.550000000000000711e+00,5.179000000000000270e-01,3.738000000000000211e-01,-3.598999999999999977e-01,6.801000000000000378e-01
5.125300000000000000e+04,3.330000000000000071e+00,2.109999999999999876e+00,9.820000000000000284e+00,5.179000000000000270e-01,3.738000000000000211e-01,-3.598999999999999977e-01,6.801000000000000378e-01
5.126000000000000000e+04,3.830000000000000071e+00,3.109999999999999876e+00,1.027999999999999936e+01,5.051999999999999824e-01,3.534999999999999809e-01,-3.587000000000000188e-01,7.008999999999999675e-01
5.126700000000000000e+04,4.099999999999999645e+00,3.759999999999999787e+00,1.047000000000000064e+01,5.016000000000000458e-01,3.443999999999999839e-01,-3.574999999999999845e-01,7.086000000000000076e-01
5.127300000000000000e+04,4.099999999999999645e+00,3.759999999999999787e+00,1.047000000000000064e+01,5.016000000000000458e-01,3.443999999999999839e-01,-3.574999999999999845e-01,7.086000000000000076e-01
5.127900000000000000e+04,4.099999999999999645e+00,3.759999999999999787e+00,1.047000000000000064e+01,5.016000000000000458e-01,3.443999999999999839e-01,-3.574999999999999845e-01,7.086000000000000076e-01
5.128500000000000000e+04,4.099999999999999645e+00,3.759999999999999787e+00,1.047000000000000064e+01,5.016000000000000458e-01,3.443999999999999839e-01,-3.574999999999999845e-01,7.086000000000000076e-01
5.129200000000000000e+04,5.250000000000000000e+00,1.800000000000000044e+00,1.027999999999999936e+01,5.016000000000000458e-01,3.443999999999999839e-01,-3.574999999999999845e-01,7.086000000000000076e-01
5.129800000000000000e+04,5.860000000000000320e+00,6.600000000000000311e-01,1.013000000000000078e+01,4.976999999999999758e-01,3.150000000000000022e-01,-3.491000000000000214e-01,7.288000000000000034e-01
5.130400000000000000e+04,5.860000000000000320e+00,6.600000000000000311e-01,1.013000000000000078e+01,4.979000000000000092e-01,3.103000000000000203e-01,-3.459999999999999742e-01,7.321999999999999620e-01
5.131100000000000000e+04,5.860000000000000320e+00,6.600000000000000311e-01,1.013000000000000078e+01,4.979999999999999982e-01,3.063000000000000167e-01,-3.427000000000000046e-01,7.354000000000000536e-01
5.131800000000000000e+04,6.280000000000000249e+00,2.149999999999999911e+00,7.790000000000000036e+00,4.979999999999999982e-01,3.063000000000000167e-01,-3.427000000000000046e-01,7.354000000000000536e-01
5.132500000000000000e+04,6.660000000000000142e+00,6.129999999999999893e+00,6.139999999999999680e+00,4.979999999999999982e-01,3.063000000000000167e-01,-3.427000000000000046e-01,7.354000000000000536e-01
5.133100000000000000e+04,7.509999999999999787e+00,7.660000000000000142e+00,5.570000000000000284e+00,4.969999999999999973e-01,2.903999999999999915e-01,-3.247999999999999776e-01,7.503999999999999559e-01
5.133900000000000000e+04,7.469999999999999751e+00,8.390000000000000568e+00,4.570000000000000284e+00,4.969999999999999973e-01,2.903999999999999915e-01,-3.247999999999999776e-01,7.503999999999999559e-01
5.134500000000000000e+04,7.700000000000000178e+00,6.629999999999999893e+00,3.729999999999999982e+00,4.950999999999999845e-01,2.767000000000000015e-01,-3.146999999999999797e-01,7.610000000000000098e-01
5.135100000000000000e+04,7.700000000000000178e+00,6.629999999999999893e+00,3.729999999999999982e+00,4.943000000000000171e-01,2.720000000000000195e-01,-3.124000000000000110e-01,7.641999999999999904e-01
5.135700000000000000e+04,9.539999999999999147e+00,6.089999999999999858e+00,4.190000000000000391e+00,4.937000000000000277e-01,2.670000000000000151e-01,-3.104000000000000092e-01,7.671999999999999931e-01
5.136300000000000000e+04,9.539999999999999147e+00,6.089999999999999858e+00,4.190000000000000391e+00,4.937000000000000277e-01,2.670000000000000151e-01,-3.104000000000000092e-01,7.671999999999999931e-01
5.136900000000000000e+04,1.130000000000000071e+01,4.980000000000000426e+00,3.229999999999999982e+00,4.930999999999999828e-01,2.530999999999999917e-01,-3.060999999999999832e-01,7.740000000000000213e-01
5.137600000000000000e+04,1.130000000000000071e+01,4.980000000000000426e+00,3.229999999999999982e+00,4.929999999999999938e-01,2.484999999999999987e-01,-3.047000000000000264e-01,7.761000000000000121e-01
5.138300000000000000e+04,1.130000000000000071e+01,4.980000000000000426e+00,3.229999999999999982e+00,4.927000000000000268e-01,2.412999999999999867e-01,-3.028000000000000136e-01,7.792999999999999927e-01
5.138900000000000000e+04,1.130000000000000071e+01,4.980000000000000426e+00,3.229999999999999982e+00,4.927000000000000268e-01,2.379000000000000004e-01,-3.019999999999999907e-01,7.805999999999999606e-01
5.139500000000000000e+04,1.306000000000000050e+01,4.219999999999999751e+00,4.570000000000000284e+00,4.928000000000000158e-01,2.346000000000000030e-01,-3.013000000000000123e-01,7.819000000000000394e-01
5.140100000000000000e+04,1.306000000000000050e+01,4.219999999999999751e+00,4.570000000000000284e+00,4.929000000000000048e-01,2.313999999999999946e-01,-3.007000000000000228e-01,7.830000000000000293e-01
5.140700000000000000e+04,1.306000000000000050e+01,4.219999999999999751e+00,4.570000000000000284e+00,4.934000000000000052e-01,2.253999999999999893e-01,-2.993999999999999995e-01,7.849000000000000421e-01
5.141300000000000000e+04,8.699999999999999289e+00,2.490000000000000213e+00,5.679999999999999716e+00,4.934000000000000052e-01,2.253999999999999893e-01,-2.993999999999999995e-01,7.849000000000000421e-01
5.141900000000000000e+04,8.390000000000000568e+00,2.720000000000000195e+00,6.219999999999999751e+00,4.934000000000000052e-01,2.253999999999999893e-01,-2.993999999999999995e-01,7.849000000000000421e-01
5.142500000000000000e+04,8.080000000000000071e+00,3.299999999999999822e+00,6.639999999999999680e+00,4.934000000000000052e-01,2.253999999999999893e-01,-2.993999999999999995e-01,7.849000000000000421e-01
5.143100000000000000e+04,7.089999999999999858e+00,3.720000000000000195e+00,7.059999999999999609e+00,4.934000000000000052e-01,2.253999999999999893e-01,-2.993999999999999995e-01,7.849000000000000421e-01
5.143800000000000000e+04,5.940000000000000391e+00,1.189999999999999947e+00,7.209999999999999964e+00,4.963000000000000189e-01,2.126000000000000112e-01,-2.968000000000000083e-01,7.876999999999999558e-01
5.144600000000000000e+04,5.549999999999999822e+00,-3.020000000000000018e+00,7.440000000000000391e+00,4.963000000000000189e-01,2.126000000000000112e-01,-2.968000000000000083e-01,7.876999999999999558e-01
5.145700000000000000e+04,5.400000000000000355e+00,-4.629999999999999893e+00,7.629999999999999893e+00,4.981999999999999762e-01,2.036000000000000032e-01,-2.960999999999999743e-01,7.891000000000000236e-01
5.146300000000000000e+04,4.639999999999999680e+00,-5.209999999999999964e+00,7.860000000000000320e+00,4.981999999999999762e-01,2.036000000000000032e-01,-2.960999999999999743e-01,7.891000000000000236e-01
5.147000000000000000e+04,3.750000000000000000e+00,-3.370000000000000107e+00,8.250000000000000000e+00,4.984999999999999987e-01,1.913999999999999868e-01,-2.927000000000000157e-01,7.932000000000000162e-01
5.147700000000000000e+04,3.680000000000000160e+00,-2.680000000000000160e+00,8.400000000000000355e+00,4.981999999999999762e-01,1.887000000000000066e-01,-2.913000000000000034e-01,7.945999999999999730e-01
5.148400000000000000e+04,3.520000000000000018e+00,-2.750000000000000000e+00,9.279999999999999361e+00,4.970999999999999863e-01,1.829999999999999960e-01,-2.881000000000000227e-01,7.976999999999999647e-01
5.149000000000000000e+04,3.680000000000000160e+00,-3.370000000000000107e+00,9.359999999999999432e+00,4.961999999999999744e-01,1.799999999999999933e-01,-2.863999999999999879e-01,7.995999999999999774e-01
5.149600000000000000e+04,3.910000000000000142e+00,-3.790000000000000036e+00,9.279999999999999361e+00,4.961999999999999744e-01,1.799999999999999933e-01,-2.863999999999999879e-01,7.995999999999999774e-01
5.150300000000000000e+04,4.179999999999999716e+00,-2.910000000000000142e+00,8.359999999999999432e+00,4.939000000000000057e-01,1.738999999999999990e-01,-2.824999999999999734e-01,8.037999999999999590e-01
5.150900000000000000e+04,4.179999999999999716e+00,-2.910000000000000142e+00,8.359999999999999432e+00,4.912000000000000255e-01,1.680999999999999994e-01,-2.777000000000000024e-01,8.083000000000000185e-01
5.151600000000000000e+04,6.209999999999999964e+00,-1.340000000000000080e+00,8.859999999999999432e+00,4.912000000000000255e-01,1.680999999999999994e-01,-2.777000000000000024e-01,8.083000000000000185e-01
5.152200000000000000e+04,6.209999999999999964e+00,-1.340000000000000080e+00,8.859999999999999432e+00,4.912000000000000255e-01,1.680999999999999994e-01,-2.777000000000000024e-01,8.083000000000000185e-01
5.152800000000000000e+04,6.469999999999999751e+00,4.000000000000000083e-02,8.019999999999999574e+00,4.912000000000000255e-01,1.680999999999999994e-01,-2.777000000000000024e-01,8.083000000000000185e-01
5.153400000000000000e+04,6.469999999999999751e+00,4.000000000000000083e-02,8.019999999999999574e+00,4.834999999999999853e-01,1.564000000000000112e-01,-2.636999999999999900e-01,8.198999999999999622e-01
5.154000000000000000e+04,8.080000000000000071e+00,5.400000000000000355e-01,7.519999999999999574e+00,4.818000000000000060e-01,1.542999999999999927e-01,-2.606999999999999873e-01,8.222000000000000419e-01
5.154600000000000000e+04,8.310000000000000497e+00,3.900000000000000133e-01,7.559999999999999609e+00,4.784999999999999809e-01,1.499999999999999944e-01,-2.550000000000000044e-01,8.267999999999999794e-01
5.155400000000000000e+04,7.429999999999999716e+00,-1.499999999999999944e-01,8.089999999999999858e+00,4.767000000000000126e-01,1.479000000000000037e-01,-2.525000000000000022e-01,8.288999999999999702e-01
5.156000000000000000e+04,6.509999999999999787e+00,-1.219999999999999973e+00,8.519999999999999574e+00,4.751000000000000223e-01,1.459000000000000019e-01,-2.501999999999999780e-01,8.308999999999999719e-01
5.156600000000000000e+04,5.790000000000000036e+00,-2.140000000000000124e+00,8.130000000000000782e+00,4.732999999999999985e-01,1.439000000000000001e-01,-2.479000000000000092e-01,8.328999999999999737e-01
5.157300000000000000e+04,4.940000000000000391e+00,-4.059999999999999609e+00,9.429999999999999716e+00,4.732999999999999985e-01,1.439000000000000001e-01,-2.479000000000000092e-01,8.328999999999999737e-01
5.158000000000000000e+04,3.560000000000000053e+00,-4.860000000000000320e+00,9.279999999999999361e+00,4.732999999999999985e-01,1.439000000000000001e-01,-2.479000000000000092e-01,8.328999999999999737e-01
5.158600000000000000e+04,3.560000000000000053e+00,-4.860000000000000320e+00,9.279999999999999361e+00,4.677000000000000046e-01,1.355000000000000093e-01,-2.407999999999999863e-01,8.396000000000000130e-01
5.159400000000000000e+04,3.560000000000000053e+00,-4.860000000000000320e+00,9.279999999999999361e+00,4.677000000000000046e-01,1.355000000000000093e-01,-2.407999999999999863e-01,8.396000000000000130e-01
5.160000000000000000e+04,2.529999999999999805e+00,-5.820000000000000284e+00,9.550000000000000711e+00,4.677000000000000046e-01,1.355000000000000093e-01,-2.407999999999999863e-01,8.396000000000000130e-01
5.160600000000000000e+04,3.410000000000000142e+00,-2.600000000000000089e+00,9.589999999999999858e+00,4.687999999999999945e-01,1.323000000000000009e-01,-2.374999999999999889e-01,8.405000000000000249e-01
5.161300000000000000e+04,4.209999999999999964e+00,-2.750000000000000000e+00,8.710000000000000853e+00,4.687999999999999945e-01,1.323000000000000009e-01,-2.374999999999999889e-01,8.405000000000000249e-01
5.162000000000000000e+04,4.209999999999999964e+00,-2.750000000000000000e+00,8.710000000000000853e+00,4.697999999999999954e-01,1.318000000000000005e-01,-2.358000000000000096e-01,8.404000000000000359e-01
5.162700000000000000e+04,4.209999999999999964e+00,-2.750000000000000000e+00,8.710000000000000853e+00,4.697999999999999954e-01,1.318000000000000005e-01,-2.358000000000000096e-01,8.404000000000000359e-01
5.163300000000000000e+04,4.290000000000000036e+00,-2.259999999999999787e+00,8.669999999999999929e+00,4.697999999999999954e-01,1.318000000000000005e-01,-2.358000000000000096e-01,8.404000000000000359e-01
5.164000000000000000e+04,4.099999999999999645e+00,-1.949999999999999956e+00,8.589999999999999858e+00,4.697999999999999954e-01,1.318000000000000005e-01,-2.358000000000000096e-01,8.404000000000000359e-01
5.164600000000000000e+04,4.139999999999999680e+00,-1.760000000000000009e+00,8.519999999999999574e+00,4.713999999999999857e-01,1.317000000000000115e-01,-2.323999999999999955e-01,8.405000000000000249e-01
5.165200000000000000e+04,4.370000000000000107e+00,-1.679999999999999938e+00,8.480000000000000426e+00,4.717999999999999972e-01,1.317000000000000115e-01,-2.313000000000000056e-01,8.406000000000000139e-01
5.165800000000000000e+04,4.370000000000000107e+00,-1.679999999999999938e+00,8.480000000000000426e+00,4.717999999999999972e-01,1.317000000000000115e-01,-2.313000000000000056e-01,8.406000000000000139e-01
5.167300000000000000e+04,4.370000000000000107e+00,-2.410000000000000142e+00,8.400000000000000355e+00,4.719999999999999751e-01,1.317000000000000115e-01,-2.303000000000000047e-01,8.407000000000000028e-01
5.167900000000000000e+04,4.179999999999999716e+00,-1.949999999999999956e+00,9.009999999999999787e+00,4.719999999999999751e-01,1.317000000000000115e-01,-2.303000000000000047e-01,8.407000000000000028e-01
5.168500000000000000e+04,4.179999999999999716e+00,-1.949999999999999956e+00,9.009999999999999787e+00,4.722999999999999976e-01,1.317000000000000115e-01,-2.285000000000000087e-01,8.410999999999999588e-01
5.169100000000000000e+04,4.179999999999999716e+00,-1.949999999999999956e+00,9.009999999999999787e+00,4.722000000000000086e-01,1.317000000000000115e-01,-2.275000000000000078e-01,8.414000000000000368e-01
5.169700000000000000e+04,4.179999999999999716e+00,-1.949999999999999956e+00,9.009999999999999787e+00,4.722999999999999976e-01,1.317000000000000115e-01,-2.270999999999999963e-01,8.414000000000000368e-01
5.170300000000000000e+04,4.179999999999999716e+00,-1.949999999999999956e+00,9.009999999999999787e+00,4.722999999999999976e-01,1.317000000000000115e-01,-2.270999999999999963e-01,8.414000000000000368e-01
5.170900000000000000e+04,3.979999999999999982e+00,-2.520000000000000018e+00,8.589999999999999858e+00,4.722999999999999976e-01,1.317000000000000115e-01,-2.270999999999999963e-01,8.414000000000000368e-01
5.171500000000000000e+04,3.950000000000000178e+00,-1.909999999999999920e+00,9.089999999999999858e+00,4.722999999999999976e-01,1.317000000000000115e-01,-2.270999999999999963e-01,8.414000000000000368e-01
5.172200000000000000e+04,4.250000000000000000e+00,-3.520000000000000018e+00,8.320000000000000284e+00,4.722999999999999976e-01,1.317000000000000115e-01,-2.270999999999999963e-01,8.414000000000000368e-01
5.172900000000000000e+04,4.450000000000000178e+00,-3.330000000000000071e+00,8.710000000000000853e+00,4.722999999999999976e-01,1.317000000000000115e-01,-2.270999999999999963e-01,8.414000000000000368e-01
5.173500000000000000e+04,4.290000000000000036e+00,-2.029999999999999805e+00,8.710000000000000853e+00,4.727000000000000091e-01,1.313000000000000000e-01,-2.237000000000000099e-01,8.421999999999999487e-01
5.174200000000000000e+04,4.179999999999999716e+00,-1.760000000000000009e+00,8.710000000000000853e+00,4.727000000000000091e-01,1.313000000000000000e-01,-2.237000000000000099e-01,8.421999999999999487e-01
5.174900000000000000e+04,4.139999999999999680e+00,-2.330000000000000071e+00,8.669999999999999929e+00,4.732999999999999985e-01,1.313000000000000000e-01,-2.220000000000000029e-01,8.423000000000000487e-01
5.175500000000000000e+04,4.330000000000000071e+00,-3.209999999999999964e+00,8.519999999999999574e+00,4.732999999999999985e-01,1.313000000000000000e-01,-2.220000000000000029e-01,8.423000000000000487e-01
5.176200000000000000e+04,4.410000000000000142e+00,-2.709999999999999964e+00,8.669999999999999929e+00,4.737999999999999989e-01,1.313000000000000000e-01,-2.200999999999999901e-01,8.425000000000000266e-01
5.176900000000000000e+04,3.910000000000000142e+00,-1.760000000000000009e+00,8.750000000000000000e+00,4.737999999999999989e-01,1.313000000000000000e-01,-2.200999999999999901e-01,8.425000000000000266e-01
5.177600000000000000e+04,3.560000000000000053e+00,-1.379999999999999893e+00,9.089999999999999858e+00,4.742999999999999994e-01,1.313000000000000000e-01,-2.187999999999999945e-01,8.425000000000000266e-01
5.178400000000000000e+04,4.519999999999999574e+00,-3.450000000000000178e+00,8.550000000000000711e+00,4.747000000000000108e-01,1.313999999999999890e-01,-2.177999999999999936e-01,8.426000000000000156e-01
5.179000000000000000e+04,4.519999999999999574e+00,-3.450000000000000178e+00,8.550000000000000711e+00,4.748999999999999888e-01,1.315000000000000058e-01,-2.172000000000000042e-01,8.426000000000000156e-01
5.179600000000000000e+04,4.330000000000000071e+00,-2.259999999999999787e+00,8.710000000000000853e+00,4.753000000000000003e-01,1.317000000000000115e-01,-2.160999999999999865e-01,8.427000000000000046e-01
5.180200000000000000e+04,3.870000000000000107e+00,-1.489999999999999991e+00,8.750000000000000000e+00,4.754999999999999782e-01,1.317000000000000115e-01,-2.156000000000000139e-01,8.427000000000000046e-01
5.180800000000000000e+04,4.179999999999999716e+00,-1.760000000000000009e+00,8.710000000000000853e+00,4.754999999999999782e-01,1.317000000000000115e-01,-2.156000000000000139e-01,8.427000000000000046e-01
5.181400000000000000e+04,4.330000000000000071e+00,-1.879999999999999893e+00,8.669999999999999929e+00,4.754999999999999782e-01,1.317000000000000115e-01,-2.156000000000000139e-01,8.427000000000000046e-01
5.182000000000000000e+04,4.330000000000000071e+00,-1.879999999999999893e+00,8.669999999999999929e+00,4.763999999999999901e-01,1.318000000000000005e-01,-2.136000000000000121e-01,8.427000000000000046e-01
5.182600000000000000e+04,4.209999999999999964e+00,-1.840000000000000080e+00,8.710000000000000853e+00,4.763999999999999901e-01,1.318000000000000005e-01,-2.136000000000000121e-01,8.427000000000000046e-01
5.183400000000000000e+04,4.290000000000000036e+00,-1.639999999999999902e+00,8.710000000000000853e+00,4.767000000000000126e-01,1.318000000000000005e-01,-2.126000000000000112e-01,8.427000000000000046e-01
5.184000000000000000e+04,4.290000000000000036e+00,-1.639999999999999902e+00,8.710000000000000853e+00,4.769999999999999796e-01,1.318000000000000005e-01,-2.119000000000000050e-01,8.427999999999999936e-01
5.184800000000000000e+04,4.059999999999999609e+00,-1.800000000000000044e+00,8.750000000000000000e+00,4.771000000000000241e-01,1.317000000000000115e-01,-2.114999999999999936e-01,8.427999999999999936e-01
5.185400000000000000e+04,4.059999999999999609e+00,-1.800000000000000044e+00,8.750000000000000000e+00,4.771000000000000241e-01,1.317000000000000115e-01,-2.114999999999999936e-01,8.427999999999999936e-01
5.186000000000000000e+04,4.019999999999999574e+00,-2.100000000000000089e+00,8.789999999999999147e+00,4.771000000000000241e-01,1.317000000000000115e-01,-2.114999999999999936e-01,8.427999999999999936e-01
5.186600000000000000e+04,4.519999999999999574e+00,-1.340000000000000080e+00,8.710000000000000853e+00,4.771000000000000241e-01,1.317000000000000115e-01,-2.114999999999999936e-01,8.427999999999999936e-01
5.187300000000000000e+04,4.519999999999999574e+00,-1.340000000000000080e+00,8.710000000000000853e+00,4.771000000000000241e-01,1.317000000000000115e-01,-2.114999999999999936e-01,8.427999999999999936e-01
5.188400000000000000e+04,3.870000000000000107e+00,-2.290000000000000036e+00,8.750000000000000000e+00,4.774999999999999800e-01,1.315999999999999948e-01,-2.096999999999999975e-01,8.429999999999999716e-01
5.189000000000000000e+04,3.870000000000000107e+00,-2.290000000000000036e+00,8.750000000000000000e+00,4.777000000000000135e-01,1.313999999999999890e-01,-2.089000000000000024e-01,8.431999999999999496e-01
5.189800000000000000e+04,3.870000000000000107e+00,-2.290000000000000036e+00,8.750000000000000000e+00,4.777000000000000135e-01,1.313999999999999890e-01,-2.089000000000000024e-01,8.431999999999999496e-01
5.190500000000000000e+04,3.979999999999999982e+00,-2.100000000000000089e+00,8.750000000000000000e+00,4.777000000000000135e-01,1.313000000000000000e-01,-2.083000000000000129e-01,8.433000000000000496e-01
5.191300000000000000e+04,3.950000000000000178e+00,-2.069999999999999840e+00,8.859999999999999432e+00,4.777000000000000135e-01,1.313000000000000000e-01,-2.083000000000000129e-01,8.433000000000000496e-01
5.191900000000000000e+04,3.950000000000000178e+00,-1.909999999999999920e+00,8.900000000000000355e+00,4.777000000000000135e-01,1.313000000000000000e-01,-2.083000000000000129e-01,8.433000000000000496e-01
5.192500000000000000e+04,3.950000000000000178e+00,-1.909999999999999920e+00,8.900000000000000355e+00,4.778999999999999915e-01,1.312000000000000111e-01,-2.069999999999999896e-01,8.435000000000000275e-01
5.193200000000000000e+04,4.099999999999999645e+00,-1.800000000000000044e+00,8.750000000000000000e+00,4.779999999999999805e-01,1.312000000000000111e-01,-2.064999999999999891e-01,8.436000000000000165e-01
5.193800000000000000e+04,3.979999999999999982e+00,-2.029999999999999805e+00,8.789999999999999147e+00,4.779999999999999805e-01,1.312000000000000111e-01,-2.061999999999999944e-01,8.436000000000000165e-01
5.194400000000000000e+04,3.979999999999999982e+00,-2.029999999999999805e+00,8.789999999999999147e+00,4.779999999999999805e-01,1.312000000000000111e-01,-2.061000000000000054e-01,8.437000000000000055e-01
5.195200000000000000e+04,4.099999999999999645e+00,-1.840000000000000080e+00,8.750000000000000000e+00,4.779999999999999805e-01,1.313000000000000000e-01,-2.058999999999999997e-01,8.437000000000000055e-01
5.195800000000000000e+04,4.059999999999999609e+00,-1.949999999999999956e+00,8.750000000000000000e+00,4.781000000000000250e-01,1.313999999999999890e-01,-2.056000000000000050e-01,8.437999999999999945e-01
5.196400000000000000e+04,4.019999999999999574e+00,-2.029999999999999805e+00,8.750000000000000000e+00,4.781000000000000250e-01,1.313999999999999890e-01,-2.053999999999999992e-01,8.437999999999999945e-01
5.197100000000000000e+04,4.019999999999999574e+00,-2.029999999999999805e+00,8.750000000000000000e+00,4.781000000000000250e-01,1.313999999999999890e-01,-2.053999999999999992e-01,8.437999999999999945e-01
5.197800000000000000e+04,4.019999999999999574e+00,-2.029999999999999805e+00,8.750000000000000000e+00,4.781000000000000250e-01,1.315000000000000058e-01,-2.048999999999999988e-01,8.438999999999999835e-01
5.198400000000000000e+04,4.139999999999999680e+00,-1.909999999999999920e+00,8.750000000000000000e+00,4.781000000000000250e-01,1.315000000000000058e-01,-2.048999999999999988e-01,8.438999999999999835e-01
5.199000000000000000e+04,4.059999999999999609e+00,-1.949999999999999956e+00,8.750000000000000000e+00,4.781000000000000250e-01,1.315000000000000058e-01,-2.048999999999999988e-01,8.438999999999999835e-01
5.199700000000000000e+04,3.979999999999999982e+00,-1.719999999999999973e+00,8.820000000000000284e+00,4.781000000000000250e-01,1.315000000000000058e-01,-2.048999999999999988e-01,8.438999999999999835e-01
5.200300000000000000e+04,3.979999999999999982e+00,-1.719999999999999973e+00,8.820000000000000284e+00,4.784999999999999809e-01,1.315000000000000058e-01,-2.036999999999999922e-01,8.439999999999999725e-01
5.200900000000000000e+04,4.099999999999999645e+00,-1.760000000000000009e+00,8.789999999999999147e+00,4.786000000000000254e-01,1.313999999999999890e-01,-2.033000000000000085e-01,8.439999999999999725e-01
5.201700000000000000e+04,4.059999999999999609e+00,-1.760000000000000009e+00,8.820000000000000284e+00,4.786000000000000254e-01,1.313999999999999890e-01,-2.033000000000000085e-01,8.439999999999999725e-01
5.202400000000000000e+04,4.059999999999999609e+00,-1.909999999999999920e+00,8.789999999999999147e+00,4.786000000000000254e-01,1.313999999999999890e-01,-2.033000000000000085e-01,8.439999999999999725e-01
5.203000000000000000e+04,4.059999999999999609e+00,-1.909999999999999920e+00,8.789999999999999147e+00,4.788999999999999924e-01,1.312000000000000111e-01,-2.026000000000000023e-01,8.440999999999999615e-01
5.203600000000000000e+04,4.019999999999999574e+00,-1.949999999999999956e+00,8.750000000000000000e+00,4.788999999999999924e-01,1.310999999999999943e-01,-2.023000000000000076e-01,8.440999999999999615e-01
5.204200000000000000e+04,4.019999999999999574e+00,-1.949999999999999956e+00,8.750000000000000000e+00,4.789999999999999813e-01,1.310000000000000053e-01,-2.021000000000000019e-01,8.440999999999999615e-01
5.204900000000000000e+04,4.019999999999999574e+00,-1.949999999999999956e+00,8.750000000000000000e+00,4.791000000000000258e-01,1.308999999999999886e-01,-2.016999999999999904e-01,8.441999999999999504e-01
5.205700000000000000e+04,3.910000000000000142e+00,-1.800000000000000044e+00,8.859999999999999432e+00,4.791000000000000258e-01,1.308999999999999886e-01,-2.016999999999999904e-01,8.441999999999999504e-01
5.206300000000000000e+04,4.019999999999999574e+00,-1.760000000000000009e+00,8.820000000000000284e+00,4.793999999999999928e-01,1.305999999999999939e-01,-2.013000000000000067e-01,8.441999999999999504e-01
5.207000000000000000e+04,3.979999999999999982e+00,-1.840000000000000080e+00,8.820000000000000284e+00,4.793999999999999928e-01,1.305999999999999939e-01,-2.013000000000000067e-01,8.441999999999999504e-01
5.207600000000000000e+04,3.979999999999999982e+00,-1.840000000000000080e+00,8.789999999999999147e+00,4.796000000000000263e-01,1.302999999999999992e-01,-2.010000000000000120e-01,8.441999999999999504e-01
5.208200000000000000e+04,3.950000000000000178e+00,-1.800000000000000044e+00,8.820000000000000284e+00,4.796000000000000263e-01,1.302000000000000102e-01,-2.008999999999999952e-01,8.441999999999999504e-01
5.208900000000000000e+04,4.019999999999999574e+00,-1.719999999999999973e+00,8.789999999999999147e+00,4.796000000000000263e-01,1.302000000000000102e-01,-2.008999999999999952e-01,8.441999999999999504e-01
5.210000000000000000e+04,3.979999999999999982e+00,-1.800000000000000044e+00,8.789999999999999147e+00,4.796000000000000263e-01,1.302000000000000102e-01,-2.008999999999999952e-01,8.441999999999999504e-01
5.210700000000000000e+04,3.950000000000000178e+00,-1.760000000000000009e+00,8.750000000000000000e+00,4.798000000000000043e-01,1.297999999999999987e-01,-2.003999999999999948e-01,8.441999999999999504e-01
5.211400000000000000e+04,3.979999999999999982e+00,-1.679999999999999938e+00,8.789999999999999147e+00,4.798999999999999932e-01,1.297000000000000097e-01,-2.003000000000000058e-01,8.441999999999999504e-01
5.212200000000000000e+04,3.979999999999999982e+00,-1.909999999999999920e+00,8.789999999999999147e+00,4.798999999999999932e-01,1.297000000000000097e-01,-2.003000000000000058e-01,8.441999999999999504e-01
5.212900000000000000e+04,3.950000000000000178e+00,-1.989999999999999991e+00,8.820000000000000284e+00,4.799999999999999822e-01,1.295000000000000040e-01,-2.000000000000000111e-01,8.443000000000000504e-01
5.213600000000000000e+04,3.950000000000000178e+00,-1.909999999999999920e+00,8.859999999999999432e+00,4.799999999999999822e-01,1.292999999999999983e-01,-2.000000000000000111e-01,8.443000000000000504e-01
5.214200000000000000e+04,3.950000000000000178e+00,-1.909999999999999920e+00,8.859999999999999432e+00,4.799999999999999822e-01,1.292999999999999983e-01,-2.000000000000000111e-01,8.443000000000000504e-01
5.214800000000000000e+04,3.979999999999999982e+00,-1.879999999999999893e+00,8.820000000000000284e+00,4.802000000000000157e-01,1.292000000000000093e-01,-1.995999999999999996e-01,8.444000000000000394e-01
5.215400000000000000e+04,3.950000000000000178e+00,-1.989999999999999991e+00,8.859999999999999432e+00,4.802000000000000157e-01,1.290999999999999925e-01,-1.995000000000000107e-01,8.444000000000000394e-01
5.216200000000000000e+04,3.910000000000000142e+00,-1.909999999999999920e+00,8.820000000000000284e+00,4.802000000000000157e-01,1.290999999999999925e-01,-1.995000000000000107e-01,8.444000000000000394e-01
5.216800000000000000e+04,4.019999999999999574e+00,-1.760000000000000009e+00,8.820000000000000284e+00,4.803000000000000047e-01,1.290000000000000036e-01,-1.991999999999999882e-01,8.444000000000000394e-01
5.217400000000000000e+04,3.979999999999999982e+00,-1.760000000000000009e+00,8.820000000000000284e+00,4.803000000000000047e-01,1.290000000000000036e-01,-1.991999999999999882e-01,8.444000000000000394e-01
5.218000000000000000e+04,3.979999999999999982e+00,-1.760000000000000009e+00,8.820000000000000284e+00,4.804999999999999827e-01,1.288999999999999868e-01,-1.988999999999999935e-01,8.444000000000000394e-01
5.218700000000000000e+04,3.950000000000000178e+00,-1.760000000000000009e+00,8.859999999999999432e+00,4.804999999999999827e-01,1.288999999999999868e-01,-1.988999999999999935e-01,8.444000000000000394e-01
5.219300000000000000e+04,3.950000000000000178e+00,-1.760000000000000009e+00,8.859999999999999432e+00,4.804999999999999827e-01,1.288999999999999868e-01,-1.988999999999999935e-01,8.444000000000000394e-01
5.219900000000000000e+04,3.979999999999999982e+00,-1.800000000000000044e+00,8.820000000000000284e+00,4.804999999999999827e-01,1.287999999999999978e-01,-1.986999999999999877e-01,8.444000000000000394e-01
5.220500000000000000e+04,3.979999999999999982e+00,-1.840000000000000080e+00,8.859999999999999432e+00,4.804999999999999827e-01,1.287999999999999978e-01,-1.985000000000000098e-01,8.444000000000000394e-01
5.221300000000000000e+04,3.950000000000000178e+00,-1.840000000000000080e+00,8.859999999999999432e+00,4.806000000000000272e-01,1.287999999999999978e-01,-1.985000000000000098e-01,8.444000000000000394e-01
5.221900000000000000e+04,3.950000000000000178e+00,-1.800000000000000044e+00,8.820000000000000284e+00,4.806000000000000272e-01,1.287999999999999978e-01,-1.983999999999999930e-01,8.444000000000000394e-01
5.222500000000000000e+04,3.950000000000000178e+00,-1.879999999999999893e+00,8.820000000000000284e+00,4.806000000000000272e-01,1.287999999999999978e-01,-1.983999999999999930e-01,8.444000000000000394e-01
5.223100000000000000e+04,3.979999999999999982e+00,-1.879999999999999893e+00,8.820000000000000284e+00,4.807000000000000162e-01,1.287999999999999978e-01,-1.981999999999999873e-01,8.445000000000000284e-01
5.223800000000000000e+04,3.870000000000000107e+00,-1.800000000000000044e+00,8.859999999999999432e+00,4.807000000000000162e-01,1.287999999999999978e-01,-1.980999999999999983e-01,8.445000000000000284e-01
5.224400000000000000e+04,3.870000000000000107e+00,-1.719999999999999973e+00,8.820000000000000284e+00,4.807000000000000162e-01,1.287999999999999978e-01,-1.980999999999999983e-01,8.445000000000000284e-01
5.225000000000000000e+04,3.950000000000000178e+00,-1.639999999999999902e+00,8.820000000000000284e+00,4.807000000000000162e-01,1.288999999999999868e-01,-1.978000000000000036e-01,8.445000000000000284e-01
5.225600000000000000e+04,3.979999999999999982e+00,-1.840000000000000080e+00,8.859999999999999432e+00,4.807000000000000162e-01,1.288999999999999868e-01,-1.976999999999999869e-01,8.445000000000000284e-01
5.226200000000000000e+04,3.979999999999999982e+00,-1.840000000000000080e+00,8.859999999999999432e+00,4.807000000000000162e-01,1.290000000000000036e-01,-1.975999999999999979e-01,8.445000000000000284e-01
5.226800000000000000e+04,3.910000000000000142e+00,-1.760000000000000009e+00,8.820000000000000284e+00,4.807000000000000162e-01,1.290000000000000036e-01,-1.975999999999999979e-01,8.445000000000000284e-01
5.227400000000000000e+04,3.979999999999999982e+00,-1.840000000000000080e+00,8.859999999999999432e+00,4.807000000000000162e-01,1.290000000000000036e-01,-1.975999999999999979e-01,8.445000000000000284e-01
5.228200000000000000e+04,3.950000000000000178e+00,-1.840000000000000080e+00,8.859999999999999432e+00,4.807000000000000162e-01,1.290000000000000036e-01,-1.975000000000000089e-01,8.445000000000000284e-01
5.228800000000000000e+04,3.910000000000000142e+00,-1.840000000000000080e+00,8.859999999999999432e+00,4.807000000000000162e-01,1.290999999999999925e-01,-1.973999999999999921e-01,8.445000000000000284e-01
5.229400000000000000e+04,3.910000000000000142e+00,-1.840000000000000080e+00,8.859999999999999432e+00,4.807000000000000162e-01,1.290999999999999925e-01,-1.973999999999999921e-01,8.445000000000000284e-01
5.230000000000000000e+04,3.910000000000000142e+00,-1.840000000000000080e+00,8.859999999999999432e+00,4.808000000000000052e-01,1.292000000000000093e-01,-1.973999999999999921e-01,8.445000000000000284e-01
5.230900000000000000e+04,3.910000000000000142e+00,-1.840000000000000080e+00,8.859999999999999432e+00,4.808000000000000052e-01,1.292000000000000093e-01,-1.973999999999999921e-01,8.445000000000000284e-01
5.231500000000000000e+04,3.950000000000000178e+00,-1.760000000000000009e+00,8.789999999999999147e+00,4.808000000000000052e-01,1.292000000000000093e-01,-1.973999999999999921e-01,8.445000000000000284e-01
5.232100000000000000e+04,3.950000000000000178e+00,-1.760000000000000009e+00,8.789999999999999147e+00,4.808000000000000052e-01,1.292999999999999983e-01,-1.973000000000000032e-01,8.445000000000000284e-01
5.232700000000000000e+04,3.950000000000000178e+00,-1.760000000000000009e+00,8.789999999999999147e+00,4.808000000000000052e-01,1.292999999999999983e-01,-1.973000000000000032e-01,8.445000000000000284e-01
5.233400000000000000e+04,3.950000000000000178e+00,-1.760000000000000009e+00,8.789999999999999147e+00,4.808000000000000052e-01,1.293999999999999873e-01,-1.971999999999999864e-01,8.445000000000000284e-01
5.234100000000000000e+04,3.950000000000000178e+00,-1.800000000000000044e+00,8.789999999999999147e+00,4.808999999999999941e-01,1.295000000000000040e-01,-1.970999999999999974e-01,8.445000000000000284e-01
5.234700000000000000e+04,3.979999999999999982e+00,-1.879999999999999893e+00,8.789999999999999147e+00,4.808999999999999941e-01,1.295000000000000040e-01,-1.970999999999999974e-01,8.445000000000000284e-01
5.235400000000000000e+04,3.979999999999999982e+00,-1.909999999999999920e+00,8.789999999999999147e+00,4.809999999999999831e-01,1.295000000000000040e-01,-1.970000000000000084e-01,8.444000000000000394e-01
5.236200000000000000e+04,3.910000000000000142e+00,-1.719999999999999973e+00,8.789999999999999147e+00,4.811000000000000276e-01,1.295999999999999930e-01,-1.968000000000000027e-01,8.444000000000000394e-01
5.236800000000000000e+04,3.910000000000000142e+00,-1.719999999999999973e+00,8.789999999999999147e+00,4.811000000000000276e-01,1.295999999999999930e-01,-1.968000000000000027e-01,8.444000000000000394e-01
5.237500000000000000e+04,3.910000000000000142e+00,-1.719999999999999973e+00,8.789999999999999147e+00,4.812000000000000166e-01,1.295999999999999930e-01,-1.965999999999999970e-01,8.444000000000000394e-01
5.238200000000000000e+04,3.910000000000000142e+00,-1.760000000000000009e+00,8.859999999999999432e+00,4.812000000000000166e-01,1.295999999999999930e-01,-1.965000000000000080e-01,8.444000000000000394e-01
5.238800000000000000e+04,3.910000000000000142e+00,-1.760000000000000009e+00,8.859999999999999432e+00,4.813000000000000056e-01,1.297000000000000097e-01,-1.965000000000000080e-01,8.444000000000000394e-01
5.239400000000000000e+04,3.950000000000000178e+00,-1.760000000000000009e+00,8.820000000000000284e+00,4.813000000000000056e-01,1.297000000000000097e-01,-1.963999999999999913e-01,8.444000000000000394e-01
5.240100000000000000e+04,3.950000000000000178e+00,-1.719999999999999973e+00,8.859999999999999432e+00,4.813000000000000056e-01,1.297000000000000097e-01,-1.963999999999999913e-01,8.444000000000000394e-01
5.240700000000000000e+04,3.950000000000000178e+00,-1.719999999999999973e+00,8.859999999999999432e+00,4.813999999999999946e-01,1.297999999999999987e-01,-1.963999999999999913e-01,8.443000000000000504e-01
5.241300000000000000e+04,3.950000000000000178e+00,-1.800000000000000044e+00,8.859999999999999432e+00,4.813999999999999946e-01,1.297999999999999987e-01,-1.963999999999999913e-01,8.443000000000000504e-01
5.241900000000000000e+04,3.950000000000000178e+00,-1.800000000000000044e+00,8.859999999999999432e+00,4.813999999999999946e-01,1.297999999999999987e-01,-1.963999999999999913e-01,8.443000000000000504e-01
5.242500000000000000e+04,3.950000000000000178e+00,-1.800000000000000044e+00,8.859999999999999432e+00,4.813999999999999946e-01,1.297999999999999987e-01,-1.963999999999999913e-01,8.443000000000000504e-01
5.243200000000000000e+04,3.910000000000000142e+00,-1.760000000000000009e+00,8.859999999999999432e+00,4.813999999999999946e-01,1.297999999999999987e-01,-1.963999999999999913e-01,8.443000000000000504e-01
5.243900000000000000e+04,3.910000000000000142e+00,-1.760000000000000009e+00,8.859999999999999432e+00,4.813999999999999946e-01,1.297999999999999987e-01,-1.963999999999999913e-01,8.443000000000000504e-01
5.244500000000000000e+04,4.019999999999999574e+00,-1.800000000000000044e+00,8.789999999999999147e+00,4.813999999999999946e-01,1.297999999999999987e-01,-1.963999999999999913e-01,8.443000000000000504e-01
5.245200000000000000e+04,3.979999999999999982e+00,-1.800000000000000044e+00,8.859999999999999432e+00,4.815999999999999726e-01,1.298999999999999877e-01,-1.965000000000000080e-01,8.441999999999999504e-01
5.245800000000000000e+04,3.979999999999999982e+00,-1.800000000000000044e+00,8.859999999999999432e+00,4.815999999999999726e-01,1.298999999999999877e-01,-1.965000000000000080e-01,8.441999999999999504e-01
5.246400000000000000e+04,3.950000000000000178e+00,-1.679999999999999938e+00,8.820000000000000284e+00,4.815999999999999726e-01,1.298999999999999877e-01,-1.965000000000000080e-01,8.441999999999999504e-01
5.247200000000000000e+04,3.950000000000000178e+00,-1.679999999999999938e+00,8.820000000000000284e+00,4.815999999999999726e-01,1.298999999999999877e-01,-1.965000000000000080e-01,8.441999999999999504e-01
5.247800000000000000e+04,3.910000000000000142e+00,-1.879999999999999893e+00,8.820000000000000284e+00,4.815999999999999726e-01,1.298999999999999877e-01,-1.965000000000000080e-01,8.441999999999999504e-01
5.248400000000000000e+04,3.910000000000000142e+00,-1.879999999999999893e+00,8.820000000000000284e+00,4.815999999999999726e-01,1.300000000000000044e-01,-1.967000000000000137e-01,8.440999999999999615e-01
5.249200000000000000e+04,3.910000000000000142e+00,-1.879999999999999893e+00,8.820000000000000284e+00,4.817000000000000171e-01,1.300999999999999934e-01,-1.967000000000000137e-01,8.440999999999999615e-01
5.249900000000000000e+04,3.979999999999999982e+00,-1.949999999999999956e+00,8.789999999999999147e+00,4.817000000000000171e-01,1.300999999999999934e-01,-1.965999999999999970e-01,8.439999999999999725e-01
5.250500000000000000e+04,3.950000000000000178e+00,-1.840000000000000080e+00,8.820000000000000284e+00,4.817000000000000171e-01,1.300999999999999934e-01,-1.965999999999999970e-01,8.439999999999999725e-01
5.251200000000000000e+04,3.979999999999999982e+00,-1.760000000000000009e+00,8.820000000000000284e+00,4.818000000000000060e-01,1.300999999999999934e-01,-1.965000000000000080e-01,8.439999999999999725e-01
5.252200000000000000e+04,3.979999999999999982e+00,-1.760000000000000009e+00,8.820000000000000284e+00,4.818000000000000060e-01,1.300999999999999934e-01,-1.965000000000000080e-01,8.439999999999999725e-01
5.252900000000000000e+04,4.019999999999999574e+00,-1.800000000000000044e+00,8.820000000000000284e+00,4.818999999999999950e-01,1.302000000000000102e-01,-1.965000000000000080e-01,8.438999999999999835e-01
5.253600000000000000e+04,3.950000000000000178e+00,-1.879999999999999893e+00,8.859999999999999432e+00,4.818999999999999950e-01,1.302999999999999992e-01,-1.965000000000000080e-01,8.438999999999999835e-01
5.254300000000000000e+04,3.950000000000000178e+00,-1.800000000000000044e+00,8.859999999999999432e+00,4.818999999999999950e-01,1.302999999999999992e-01,-1.965000000000000080e-01,8.438999999999999835e-01
5.254900000000000000e+04,3.950000000000000178e+00,-1.760000000000000009e+00,8.820000000000000284e+00,4.818999999999999950e-01,1.303999999999999881e-01,-1.965000000000000080e-01,8.438999999999999835e-01
5.255700000000000000e+04,3.979999999999999982e+00,-1.879999999999999893e+00,8.789999999999999147e+00,4.818999999999999950e-01,1.305000000000000049e-01,-1.965000000000000080e-01,8.438999999999999835e-01
5.256300000000000000e+04,3.979999999999999982e+00,-1.879999999999999893e+00,8.789999999999999147e+00,4.818999999999999950e-01,1.305000000000000049e-01,-1.965000000000000080e-01,8.438999999999999835e-01
5.256900000000000000e+04,3.950000000000000178e+00,-1.879999999999999893e+00,8.859999999999999432e+00,4.818999999999999950e-01,1.305999999999999939e-01,-1.965000000000000080e-01,8.437999999999999945e-01
5.257500000000000000e+04,3.950000000000000178e+00,-1.879999999999999893e+00,8.859999999999999432e+00,4.819999999999999840e-01,1.307000000000000106e-01,-1.965000000000000080e-01,8.437999999999999945e-01
5.258200000000000000e+04,3.950000000000000178e+00,-1.879999999999999893e+00,8.859999999999999432e+00,4.819999999999999840e-01,1.307000000000000106e-01,-1.965000000000000080e-01,8.437999999999999945e-01
5.258800000000000000e+04,3.950000000000000178e+00,-1.879999999999999893e+00,8.859999999999999432e+00,4.819999999999999840e-01,1.307000000000000106e-01,-1.965000000000000080e-01,8.437999999999999945e-01
5.259600000000000000e+04,3.910000000000000142e+00,-1.760000000000000009e+00,8.789999999999999147e+00,4.819999999999999840e-01,1.308999999999999886e-01,-1.965000000000000080e-01,8.437999999999999945e-01
5.260400000000000000e+04,4.019999999999999574e+00,-1.679999999999999938e+00,8.789999999999999147e+00,4.820999999999999730e-01,1.310000000000000053e-01,-1.963999999999999913e-01,8.437999999999999945e-01
5.261000000000000000e+04,3.979999999999999982e+00,-1.840000000000000080e+00,8.900000000000000355e+00,4.820999999999999730e-01,1.310000000000000053e-01,-1.963999999999999913e-01,8.437999999999999945e-01
5.261700000000000000e+04,3.979999999999999982e+00,-1.840000000000000080e+00,8.900000000000000355e+00,4.820999999999999730e-01,1.310000000000000053e-01,-1.963999999999999913e-01,8.437999999999999945e-01
5.262400000000000000e+04,3.910000000000000142e+00,-1.840000000000000080e+00,8.820000000000000284e+00,4.820999999999999730e-01,1.312000000000000111e-01,-1.960999999999999965e-01,8.437999999999999945e-01
5.263000000000000000e+04,3.870000000000000107e+00,-1.679999999999999938e+00,8.820000000000000284e+00,4.820999999999999730e-01,1.312000000000000111e-01,-1.960999999999999965e-01,8.437999999999999945e-01
5.263700000000000000e+04,3.979999999999999982e+00,-1.679999999999999938e+00,8.859999999999999432e+00,4.820999999999999730e-01,1.312000000000000111e-01,-1.960999999999999965e-01,8.437999999999999945e-01
5.264300000000000000e+04,4.019999999999999574e+00,-1.679999999999999938e+00,8.789999999999999147e+00,4.822000000000000175e-01,1.313999999999999890e-01,-1.960000000000000075e-01,8.437000000000000055e-01
5.265100000000000000e+04,3.979999999999999982e+00,-1.719999999999999973e+00,8.789999999999999147e+00,4.822000000000000175e-01,1.313999999999999890e-01,-1.960000000000000075e-01,8.437000000000000055e-01
5.265800000000000000e+04,3.950000000000000178e+00,-1.639999999999999902e+00,8.820000000000000284e+00,4.822000000000000175e-01,1.315000000000000058e-01,-1.960000000000000075e-01,8.437000000000000055e-01
5.266600000000000000e+04,4.019999999999999574e+00,-1.760000000000000009e+00,8.750000000000000000e+00,4.822000000000000175e-01,1.315000000000000058e-01,-1.960000000000000075e-01,8.437000000000000055e-01
