5.294700000000000000e+04,4.110000000000000320e+00,-5.999999999999999778e-02,8.750000000000000000e+00,6.736999999999999655e-01,1.645999999999999963e-01,-1.519999999999999962e-01,7.042000000000000481e-01
5.295400000000000000e+04,4.110000000000000320e+00,-2.000000000000000042e-02,8.750000000000000000e+00,6.736999999999999655e-01,1.645999999999999963e-01,-1.519999999999999962e-01,7.042000000000000481e-01
5.296000000000000000e+04,4.190000000000000391e+00,-2.000000000000000042e-02,8.750000000000000000e+00,6.737999999999999545e-01,1.648000000000000020e-01,-1.516000000000000125e-01,7.040999999999999481e-01
5.296700000000000000e+04,4.190000000000000391e+00,1.300000000000000044e-01,8.789999999999999147e+00,6.739000000000000545e-01,1.648999999999999910e-01,-1.514000000000000068e-01,7.040999999999999481e-01
5.297300000000000000e+04,4.150000000000000355e+00,1.300000000000000044e-01,8.789999999999999147e+00,6.740000000000000435e-01,1.650999999999999968e-01,-1.511000000000000121e-01,7.039999999999999591e-01
5.298000000000000000e+04,4.110000000000000320e+00,1.700000000000000122e-01,8.750000000000000000e+00,6.741000000000000325e-01,1.652000000000000135e-01,-1.509000000000000064e-01,7.039999999999999591e-01
5.299400000000000000e+04,4.110000000000000320e+00,1.700000000000000122e-01,8.710000000000000853e+00,6.741000000000000325e-01,1.653000000000000025e-01,-1.507999999999999896e-01,7.038999999999999702e-01
5.300100000000000000e+04,4.190000000000000391e+00,1.300000000000000044e-01,8.789999999999999147e+00,6.741000000000000325e-01,1.653000000000000025e-01,-1.507999999999999896e-01,7.038999999999999702e-01
5.300700000000000000e+04,4.150000000000000355e+00,5.000000000000000278e-02,8.750000000000000000e+00,6.743000000000000105e-01,1.658000000000000029e-01,-1.502000000000000002e-01,7.036999999999999922e-01
5.301300000000000000e+04,4.230000000000000426e+00,1.300000000000000044e-01,8.750000000000000000e+00,6.743999999999999995e-01,1.658999999999999919e-01,-1.501000000000000112e-01,7.036999999999999922e-01
5.302000000000000000e+04,4.230000000000000426e+00,1.300000000000000044e-01,8.750000000000000000e+00,6.743999999999999995e-01,1.660000000000000087e-01,-1.499999999999999944e-01,7.036999999999999922e-01
5.302700000000000000e+04,4.230000000000000426e+00,5.000000000000000278e-02,8.750000000000000000e+00,6.743999999999999995e-01,1.661999999999999866e-01,-1.499000000000000055e-01,7.036000000000000032e-01
5.303300000000000000e+04,4.230000000000000426e+00,5.000000000000000278e-02,8.750000000000000000e+00,6.743999999999999995e-01,1.661999999999999866e-01,-1.499000000000000055e-01,7.036000000000000032e-01
5.303900000000000000e+04,4.230000000000000426e+00,-1.000000000000000056e-01,8.710000000000000853e+00,6.744999999999999885e-01,1.665999999999999981e-01,-1.494999999999999940e-01,7.036000000000000032e-01
5.304500000000000000e+04,4.230000000000000426e+00,-5.999999999999999778e-02,8.750000000000000000e+00,6.745999999999999774e-01,1.666999999999999871e-01,-1.494000000000000050e-01,7.035000000000000142e-01
5.305300000000000000e+04,4.230000000000000426e+00,-5.999999999999999778e-02,8.750000000000000000e+00,6.745999999999999774e-01,1.668999999999999928e-01,-1.491999999999999993e-01,7.034000000000000252e-01
5.305900000000000000e+04,4.000000000000000000e+00,4.400000000000000022e-01,8.789999999999999147e+00,6.745999999999999774e-01,1.668999999999999928e-01,-1.491999999999999993e-01,7.034000000000000252e-01
5.306600000000000000e+04,4.070000000000000284e+00,4.799999999999999822e-01,8.750000000000000000e+00,6.747999999999999554e-01,1.673999999999999932e-01,-1.484000000000000041e-01,7.032000000000000473e-01
5.307200000000000000e+04,4.070000000000000284e+00,4.799999999999999822e-01,8.750000000000000000e+00,6.747999999999999554e-01,1.673999999999999932e-01,-1.484000000000000041e-01,7.032000000000000473e-01
5.307800000000000000e+04,4.110000000000000320e+00,4.400000000000000022e-01,8.710000000000000853e+00,6.747999999999999554e-01,1.673999999999999932e-01,-1.484000000000000041e-01,7.032000000000000473e-01
5.308400000000000000e+04,4.070000000000000284e+00,4.799999999999999822e-01,8.789999999999999147e+00,6.747999999999999554e-01,1.675999999999999990e-01,-1.482999999999999874e-01,7.032000000000000473e-01
5.309000000000000000e+04,4.070000000000000284e+00,4.400000000000000022e-01,8.750000000000000000e+00,6.746999999999999664e-01,1.676999999999999880e-01,-1.482999999999999874e-01,7.033000000000000362e-01
5.309700000000000000e+04,4.040000000000000036e+00,1.700000000000000122e-01,8.710000000000000853e+00,6.746999999999999664e-01,1.676999999999999880e-01,-1.484000000000000041e-01,7.033000000000000362e-01
5.310300000000000000e+04,4.190000000000000391e+00,1.700000000000000122e-01,8.750000000000000000e+00,6.746999999999999664e-01,1.676999999999999880e-01,-1.484000000000000041e-01,7.033000000000000362e-01
5.310900000000000000e+04,4.269999999999999574e+00,1.700000000000000122e-01,8.710000000000000853e+00,6.746999999999999664e-01,1.676999999999999880e-01,-1.484000000000000041e-01,7.033000000000000362e-01
5.311700000000000000e+04,4.230000000000000426e+00,3.200000000000000067e-01,8.710000000000000853e+00,6.746999999999999664e-01,1.676999999999999880e-01,-1.484000000000000041e-01,7.033000000000000362e-01
5.312300000000000000e+04,4.110000000000000320e+00,2.899999999999999800e-01,8.710000000000000853e+00,6.743999999999999995e-01,1.678999999999999937e-01,-1.489000000000000046e-01,7.034000000000000252e-01
5.313000000000000000e+04,4.150000000000000355e+00,1.300000000000000044e-01,8.750000000000000000e+00,6.743000000000000105e-01,1.678999999999999937e-01,-1.489999999999999936e-01,7.035000000000000142e-01
5.313700000000000000e+04,4.230000000000000426e+00,5.000000000000000278e-02,8.710000000000000853e+00,6.743000000000000105e-01,1.678999999999999937e-01,-1.491000000000000103e-01,7.035000000000000142e-01
5.314300000000000000e+04,4.230000000000000426e+00,5.000000000000000278e-02,8.710000000000000853e+00,6.743000000000000105e-01,1.678999999999999937e-01,-1.491999999999999993e-01,7.036000000000000032e-01
5.314900000000000000e+04,4.230000000000000426e+00,2.000000000000000042e-02,8.710000000000000853e+00,6.743000000000000105e-01,1.678999999999999937e-01,-1.491999999999999993e-01,7.036000000000000032e-01
5.315500000000000000e+04,4.150000000000000355e+00,5.000000000000000278e-02,8.710000000000000853e+00,6.742000000000000215e-01,1.678999999999999937e-01,-1.489999999999999936e-01,7.036000000000000032e-01
5.316200000000000000e+04,4.150000000000000355e+00,1.300000000000000044e-01,8.710000000000000853e+00,6.742000000000000215e-01,1.678999999999999937e-01,-1.489999999999999936e-01,7.036000000000000032e-01
5.316900000000000000e+04,4.150000000000000355e+00,1.300000000000000044e-01,8.710000000000000853e+00,6.742000000000000215e-01,1.680000000000000104e-01,-1.489000000000000046e-01,7.036999999999999922e-01
5.317500000000000000e+04,4.150000000000000355e+00,2.099999999999999922e-01,8.750000000000000000e+00,6.742000000000000215e-01,1.680000000000000104e-01,-1.486999999999999988e-01,7.036999999999999922e-01
5.318300000000000000e+04,4.150000000000000355e+00,2.099999999999999922e-01,8.750000000000000000e+00,6.742000000000000215e-01,1.680000000000000104e-01,-1.486999999999999988e-01,7.036999999999999922e-01
5.319000000000000000e+04,4.150000000000000355e+00,1.700000000000000122e-01,8.789999999999999147e+00,6.743000000000000105e-01,1.680999999999999994e-01,-1.482999999999999874e-01,7.036999999999999922e-01
5.319800000000000000e+04,4.150000000000000355e+00,1.300000000000000044e-01,8.750000000000000000e+00,6.743000000000000105e-01,1.680999999999999994e-01,-1.481000000000000094e-01,7.036999999999999922e-01
5.321300000000000000e+04,4.190000000000000391e+00,5.000000000000000278e-02,8.789999999999999147e+00,6.743000000000000105e-01,1.681999999999999884e-01,-1.479000000000000037e-01,7.036999999999999922e-01
5.321900000000000000e+04,4.190000000000000391e+00,1.700000000000000122e-01,8.750000000000000000e+00,6.743999999999999995e-01,1.683000000000000052e-01,-1.474000000000000032e-01,7.036999999999999922e-01
5.322800000000000000e+04,4.110000000000000320e+00,2.899999999999999800e-01,8.750000000000000000e+00,6.743999999999999995e-01,1.683999999999999941e-01,-1.469999999999999918e-01,7.036000000000000032e-01
5.323400000000000000e+04,4.070000000000000284e+00,3.200000000000000067e-01,8.789999999999999147e+00,6.743999999999999995e-01,1.683999999999999941e-01,-1.469999999999999918e-01,7.036000000000000032e-01
5.324000000000000000e+04,4.070000000000000284e+00,3.200000000000000067e-01,8.710000000000000853e+00,6.744999999999999885e-01,1.685999999999999999e-01,-1.466000000000000081e-01,7.036000000000000032e-01
5.324700000000000000e+04,4.110000000000000320e+00,2.500000000000000000e-01,8.750000000000000000e+00,6.744999999999999885e-01,1.685999999999999999e-01,-1.466000000000000081e-01,7.036000000000000032e-01
5.325400000000000000e+04,4.110000000000000320e+00,2.500000000000000000e-01,8.750000000000000000e+00,6.744999999999999885e-01,1.685999999999999999e-01,-1.466000000000000081e-01,7.036000000000000032e-01
5.326200000000000000e+04,4.190000000000000391e+00,3.599999999999999867e-01,8.750000000000000000e+00,6.744999999999999885e-01,1.688000000000000056e-01,-1.461999999999999966e-01,7.036999999999999922e-01
5.326800000000000000e+04,4.190000000000000391e+00,3.599999999999999867e-01,8.750000000000000000e+00,6.744999999999999885e-01,1.688000000000000056e-01,-1.461999999999999966e-01,7.036999999999999922e-01
5.327400000000000000e+04,4.190000000000000391e+00,3.599999999999999867e-01,8.750000000000000000e+00,6.744999999999999885e-01,1.688000000000000056e-01,-1.461999999999999966e-01,7.036999999999999922e-01
5.328100000000000000e+04,4.190000000000000391e+00,1.700000000000000122e-01,8.789999999999999147e+00,6.744999999999999885e-01,1.691000000000000003e-01,-1.456000000000000072e-01,7.036999999999999922e-01
5.328700000000000000e+04,4.230000000000000426e+00,1.700000000000000122e-01,8.710000000000000853e+00,6.744999999999999885e-01,1.691000000000000003e-01,-1.456000000000000072e-01,7.036999999999999922e-01
5.329300000000000000e+04,4.230000000000000426e+00,1.700000000000000122e-01,8.710000000000000853e+00,6.744999999999999885e-01,1.691000000000000003e-01,-1.456000000000000072e-01,7.036999999999999922e-01
5.330000000000000000e+04,4.230000000000000426e+00,1.700000000000000122e-01,8.710000000000000853e+00,6.744999999999999885e-01,1.691000000000000003e-01,-1.456000000000000072e-01,7.036999999999999922e-01
5.330600000000000000e+04,4.070000000000000284e+00,5.000000000000000278e-02,8.789999999999999147e+00,6.744999999999999885e-01,1.691000000000000003e-01,-1.456000000000000072e-01,7.036999999999999922e-01
5.331200000000000000e+04,4.070000000000000284e+00,5.000000000000000278e-02,8.789999999999999147e+00,6.745999999999999774e-01,1.693000000000000060e-01,-1.444999999999999896e-01,7.037999999999999812e-01
5.331800000000000000e+04,4.000000000000000000e+00,2.099999999999999922e-01,8.710000000000000853e+00,6.746999999999999664e-01,1.693999999999999950e-01,-1.441999999999999948e-01,7.037999999999999812e-01
5.332500000000000000e+04,4.150000000000000355e+00,1.700000000000000122e-01,8.710000000000000853e+00,6.746999999999999664e-01,1.693999999999999950e-01,-1.441999999999999948e-01,7.037999999999999812e-01
5.333300000000000000e+04,4.150000000000000355e+00,4.000000000000000222e-01,8.789999999999999147e+00,6.747999999999999554e-01,1.698000000000000065e-01,-1.434999999999999887e-01,7.036999999999999922e-01
5.334100000000000000e+04,4.000000000000000000e+00,5.500000000000000444e-01,8.789999999999999147e+00,6.749000000000000554e-01,1.700000000000000122e-01,-1.428999999999999992e-01,7.036999999999999922e-01
5.334800000000000000e+04,4.070000000000000284e+00,5.500000000000000444e-01,8.789999999999999147e+00,6.750000000000000444e-01,1.701999999999999902e-01,-1.426999999999999935e-01,7.036000000000000032e-01
5.335500000000000000e+04,4.070000000000000284e+00,5.500000000000000444e-01,8.789999999999999147e+00,6.750000000000000444e-01,1.703000000000000069e-01,-1.424999999999999878e-01,7.036000000000000032e-01
5.336100000000000000e+04,4.070000000000000284e+00,5.500000000000000444e-01,8.789999999999999147e+00,6.750000000000000444e-01,1.703000000000000069e-01,-1.424999999999999878e-01,7.036000000000000032e-01
5.336700000000000000e+04,4.040000000000000036e+00,4.799999999999999822e-01,8.869999999999999218e+00,6.750000000000000444e-01,1.706000000000000016e-01,-1.419999999999999873e-01,7.036999999999999922e-01
5.337300000000000000e+04,4.040000000000000036e+00,4.000000000000000222e-01,8.869999999999999218e+00,6.750000000000000444e-01,1.706999999999999906e-01,-1.418999999999999984e-01,7.036999999999999922e-01
5.337900000000000000e+04,4.040000000000000036e+00,3.599999999999999867e-01,8.830000000000000071e+00,6.750000000000000444e-01,1.706999999999999906e-01,-1.418999999999999984e-01,7.036999999999999922e-01
5.338700000000000000e+04,4.070000000000000284e+00,3.200000000000000067e-01,8.830000000000000071e+00,6.749000000000000554e-01,1.710000000000000131e-01,-1.416999999999999926e-01,7.036999999999999922e-01
5.339300000000000000e+04,3.959999999999999964e+00,2.899999999999999800e-01,8.910000000000000142e+00,6.749000000000000554e-01,1.710000000000000131e-01,-1.416999999999999926e-01,7.036999999999999922e-01
5.340000000000000000e+04,3.879999999999999893e+00,2.500000000000000000e-01,8.910000000000000142e+00,6.746999999999999664e-01,1.711000000000000021e-01,-1.416999999999999926e-01,7.037999999999999812e-01
5.340600000000000000e+04,3.919999999999999929e+00,2.899999999999999800e-01,8.949999999999999289e+00,6.746999999999999664e-01,1.711000000000000021e-01,-1.416999999999999926e-01,7.037999999999999812e-01
5.341200000000000000e+04,3.959999999999999964e+00,3.599999999999999867e-01,8.980000000000000426e+00,6.746999999999999664e-01,1.711000000000000021e-01,-1.416999999999999926e-01,7.037999999999999812e-01
5.341800000000000000e+04,3.649999999999999911e+00,5.200000000000000178e-01,9.060000000000000497e+00,6.743999999999999995e-01,1.718999999999999972e-01,-1.423000000000000098e-01,7.038999999999999702e-01
5.343300000000000000e+04,3.540000000000000036e+00,5.200000000000000178e-01,9.099999999999999645e+00,6.743999999999999995e-01,1.718999999999999972e-01,-1.423000000000000098e-01,7.038999999999999702e-01
5.343900000000000000e+04,3.689999999999999947e+00,8.199999999999999512e-01,9.289999999999999147e+00,6.743999999999999995e-01,1.718999999999999972e-01,-1.423000000000000098e-01,7.038999999999999702e-01
5.344500000000000000e+04,3.609999999999999876e+00,8.199999999999999512e-01,9.330000000000000071e+00,6.733000000000000096e-01,1.736999999999999933e-01,-1.459999999999999909e-01,7.036999999999999922e-01
5.345100000000000000e+04,3.390000000000000124e+00,9.699999999999999734e-01,9.480000000000000426e+00,6.730000000000000426e-01,1.741999999999999937e-01,-1.474000000000000032e-01,7.036000000000000032e-01
5.345700000000000000e+04,3.390000000000000124e+00,9.699999999999999734e-01,9.480000000000000426e+00,6.725999999999999757e-01,1.746999999999999942e-01,-1.486999999999999988e-01,7.035000000000000142e-01
5.346300000000000000e+04,3.270000000000000018e+00,1.360000000000000098e+00,9.710000000000000853e+00,6.725999999999999757e-01,1.746999999999999942e-01,-1.486999999999999988e-01,7.035000000000000142e-01
5.347000000000000000e+04,3.200000000000000178e+00,1.820000000000000062e+00,9.820000000000000284e+00,6.709000000000000519e-01,1.768000000000000127e-01,-1.554999999999999993e-01,7.032000000000000473e-01
5.347700000000000000e+04,3.080000000000000071e+00,2.129999999999999893e+00,9.900000000000000355e+00,6.701000000000000290e-01,1.776999999999999968e-01,-1.585999999999999910e-01,7.029999999999999583e-01
5.348400000000000000e+04,3.200000000000000178e+00,1.929999999999999938e+00,1.013000000000000078e+01,6.701000000000000290e-01,1.776999999999999968e-01,-1.585999999999999910e-01,7.029999999999999583e-01
5.349200000000000000e+04,3.200000000000000178e+00,1.929999999999999938e+00,1.013000000000000078e+01,6.679000000000000492e-01,1.799999999999999933e-01,-1.665999999999999981e-01,7.026999999999999913e-01
5.349900000000000000e+04,3.500000000000000000e+00,2.009999999999999787e+00,1.040000000000000036e+01,6.636999999999999567e-01,1.841000000000000136e-01,-1.811000000000000110e-01,7.019999999999999574e-01
5.350700000000000000e+04,4.190000000000000391e+00,1.820000000000000062e+00,1.051999999999999957e+01,6.619000000000000439e-01,1.859000000000000097e-01,-1.869999999999999996e-01,7.016999999999999904e-01
5.351300000000000000e+04,4.730000000000000426e+00,1.969999999999999973e+00,1.058999999999999986e+01,6.600000000000000311e-01,1.875999999999999890e-01,-1.930999999999999939e-01,7.014000000000000234e-01
5.352100000000000000e+04,5.639999999999999680e+00,1.780000000000000027e+00,1.163000000000000078e+01,6.580000000000000293e-01,1.892000000000000071e-01,-1.998000000000000054e-01,7.009999999999999565e-01
5.352700000000000000e+04,5.639999999999999680e+00,1.780000000000000027e+00,1.163000000000000078e+01,6.580000000000000293e-01,1.892000000000000071e-01,-1.998000000000000054e-01,7.009999999999999565e-01
5.353300000000000000e+04,7.870000000000000107e+00,3.120000000000000107e+00,1.418999999999999950e+01,6.580000000000000293e-01,1.892000000000000071e-01,-1.998000000000000054e-01,7.009999999999999565e-01
5.354000000000000000e+04,7.870000000000000107e+00,3.120000000000000107e+00,1.418999999999999950e+01,6.478000000000000425e-01,1.927000000000000102e-01,-2.384999999999999898e-01,6.973000000000000309e-01
5.354700000000000000e+04,7.870000000000000107e+00,3.120000000000000107e+00,1.418999999999999950e+01,6.467000000000000526e-01,1.905999999999999917e-01,-2.464999999999999969e-01,6.962000000000000410e-01
5.355300000000000000e+04,1.671000000000000085e+01,1.389999999999999902e+00,1.778999999999999915e+01,6.467000000000000526e-01,1.905999999999999917e-01,-2.464999999999999969e-01,6.962000000000000410e-01
5.355900000000000000e+04,2.028000000000000114e+01,-5.999999999999999778e-02,1.821000000000000085e+01,6.467000000000000526e-01,1.905999999999999917e-01,-2.464999999999999969e-01,6.962000000000000410e-01
5.356600000000000000e+04,2.207999999999999829e+01,-2.129999999999999893e+00,1.744999999999999929e+01,6.467000000000000526e-01,1.905999999999999917e-01,-2.464999999999999969e-01,6.962000000000000410e-01
5.357200000000000000e+04,2.207999999999999829e+01,-2.129999999999999893e+00,1.744999999999999929e+01,6.480000000000000204e-01,1.560999999999999888e-01,-2.735000000000000209e-01,6.935000000000000053e-01
5.357800000000000000e+04,5.879999999999999893e+00,3.200000000000000067e-01,1.150999999999999979e+01,6.480000000000000204e-01,1.560999999999999888e-01,-2.735000000000000209e-01,6.935000000000000053e-01
5.358400000000000000e+04,5.879999999999999893e+00,3.200000000000000067e-01,1.150999999999999979e+01,6.480000000000000204e-01,1.560999999999999888e-01,-2.735000000000000209e-01,6.935000000000000053e-01
5.359100000000000000e+04,-2.359999999999999876e+00,5.419999999999999929e+00,7.599999999999999645e+00,6.594999999999999751e-01,1.290999999999999925e-01,-2.736000000000000099e-01,6.882000000000000339e-01
5.359700000000000000e+04,-2.359999999999999876e+00,5.419999999999999929e+00,7.599999999999999645e+00,6.594999999999999751e-01,1.290999999999999925e-01,-2.736000000000000099e-01,6.882000000000000339e-01
5.360300000000000000e+04,7.519999999999999574e+00,1.491999999999999993e+01,8.410000000000000142e+00,6.594999999999999751e-01,1.290999999999999925e-01,-2.736000000000000099e-01,6.882000000000000339e-01
5.360900000000000000e+04,9.900000000000000355e+00,1.603000000000000114e+01,8.140000000000000568e+00,6.862000000000000322e-01,1.020999999999999963e-01,-2.746000000000000107e-01,6.657999999999999474e-01
5.361600000000000000e+04,9.939999999999999503e+00,1.182000000000000028e+01,6.190000000000000391e+00,6.862000000000000322e-01,1.020999999999999963e-01,-2.746000000000000107e-01,6.657999999999999474e-01
5.362200000000000000e+04,9.210000000000000853e+00,9.750000000000000000e+00,5.879999999999999893e+00,6.862000000000000322e-01,1.020999999999999963e-01,-2.746000000000000107e-01,6.657999999999999474e-01
5.362800000000000000e+04,8.669999999999999929e+00,7.559999999999999609e+00,5.269999999999999574e+00,6.862000000000000322e-01,1.020999999999999963e-01,-2.746000000000000107e-01,6.657999999999999474e-01
5.363400000000000000e+04,8.669999999999999929e+00,7.410000000000000142e+00,5.000000000000000000e+00,7.423999999999999488e-01,6.959999999999999520e-02,-2.716999999999999971e-01,6.084000000000000519e-01
5.365200000000000000e+04,8.669999999999999929e+00,7.410000000000000142e+00,5.000000000000000000e+00,7.423999999999999488e-01,6.959999999999999520e-02,-2.716999999999999971e-01,6.084000000000000519e-01
5.365900000000000000e+04,8.669999999999999929e+00,7.410000000000000142e+00,5.000000000000000000e+00,7.423999999999999488e-01,6.959999999999999520e-02,-2.716999999999999971e-01,6.084000000000000519e-01
5.366500000000000000e+04,1.019999999999999929e+01,3.620000000000000107e+00,3.350000000000000089e+00,8.266999999999999904e-01,5.160000000000000003e-02,-2.534000000000000141e-01,4.998000000000000220e-01
5.367100000000000000e+04,1.019999999999999929e+01,3.620000000000000107e+00,3.350000000000000089e+00,8.266999999999999904e-01,5.160000000000000003e-02,-2.534000000000000141e-01,4.998000000000000220e-01
5.367800000000000000e+04,1.019999999999999929e+01,3.620000000000000107e+00,3.350000000000000089e+00,8.266999999999999904e-01,5.160000000000000003e-02,-2.534000000000000141e-01,4.998000000000000220e-01
5.368400000000000000e+04,8.820000000000000284e+00,-5.600000000000000533e-01,2.089999999999999858e+00,8.761999999999999789e-01,4.880000000000000310e-02,-2.384999999999999898e-01,4.161000000000000254e-01
5.369000000000000000e+04,8.820000000000000284e+00,-5.600000000000000533e-01,2.089999999999999858e+00,8.963999999999999746e-01,4.920000000000000068e-02,-2.310999999999999999e-01,3.750000000000000000e-01
5.369700000000000000e+04,6.759999999999999787e+00,-1.939999999999999947e+00,1.399999999999999911e+00,9.050000000000000266e-01,4.959999999999999826e-02,-2.280999999999999972e-01,3.558000000000000052e-01
5.370300000000000000e+04,6.410000000000000142e+00,-2.319999999999999840e+00,1.929999999999999938e+00,9.050000000000000266e-01,4.959999999999999826e-02,-2.280999999999999972e-01,3.558000000000000052e-01
5.370900000000000000e+04,6.450000000000000178e+00,-2.359999999999999876e+00,2.319999999999999840e+00,9.050000000000000266e-01,4.959999999999999826e-02,-2.280999999999999972e-01,3.558000000000000052e-01
5.371500000000000000e+04,6.450000000000000178e+00,-2.359999999999999876e+00,2.319999999999999840e+00,9.050000000000000266e-01,4.959999999999999826e-02,-2.280999999999999972e-01,3.558000000000000052e-01
5.372200000000000000e+04,6.980000000000000426e+00,-2.049999999999999822e+00,3.120000000000000107e+00,9.347999999999999643e-01,4.929999999999999660e-02,-2.202999999999999958e-01,2.740000000000000213e-01
5.372800000000000000e+04,6.980000000000000426e+00,-2.049999999999999822e+00,3.120000000000000107e+00,9.347999999999999643e-01,4.929999999999999660e-02,-2.202999999999999958e-01,2.740000000000000213e-01
5.373400000000000000e+04,7.209999999999999964e+00,-2.089999999999999858e+00,3.390000000000000124e+00,9.347999999999999643e-01,4.929999999999999660e-02,-2.202999999999999958e-01,2.740000000000000213e-01
5.374000000000000000e+04,7.209999999999999964e+00,-2.089999999999999858e+00,3.390000000000000124e+00,9.347999999999999643e-01,4.929999999999999660e-02,-2.202999999999999958e-01,2.740000000000000213e-01
5.374600000000000000e+04,5.950000000000000178e+00,-5.200000000000000178e-01,3.620000000000000107e+00,9.495000000000000107e-01,4.130000000000000338e-02,-2.205999999999999905e-01,2.194000000000000117e-01
5.375200000000000000e+04,5.530000000000000249e+00,4.000000000000000222e-01,3.580000000000000071e+00,9.515000000000000124e-01,3.919999999999999873e-02,-2.210000000000000020e-01,2.104000000000000037e-01
5.375800000000000000e+04,5.410000000000000142e+00,8.599999999999999867e-01,3.430000000000000160e+00,9.530999999999999472e-01,3.740000000000000269e-02,-2.214000000000000135e-01,2.028000000000000080e-01
5.376500000000000000e+04,5.339999999999999858e+00,1.159999999999999920e+00,3.120000000000000107e+00,9.564000000000000279e-01,3.359999999999999792e-02,-2.228999999999999870e-01,1.859999999999999987e-01
5.377200000000000000e+04,4.650000000000000355e+00,1.469999999999999973e+00,3.009999999999999787e+00,9.575000000000000178e-01,3.219999999999999946e-02,-2.237000000000000099e-01,1.791000000000000092e-01
5.377900000000000000e+04,4.650000000000000355e+00,1.469999999999999973e+00,3.009999999999999787e+00,9.588999999999999746e-01,3.059999999999999873e-02,-2.248999999999999888e-01,1.703999999999999959e-01
5.378500000000000000e+04,4.650000000000000355e+00,1.469999999999999973e+00,3.009999999999999787e+00,9.598999999999999755e-01,2.949999999999999845e-02,-2.260000000000000064e-01,1.630000000000000060e-01
5.379100000000000000e+04,5.070000000000000284e+00,1.129999999999999893e+00,3.080000000000000071e+00,9.608999999999999764e-01,2.840000000000000163e-02,-2.275000000000000078e-01,1.549999999999999989e-01
5.379800000000000000e+04,5.070000000000000284e+00,1.129999999999999893e+00,3.080000000000000071e+00,9.627000000000000002e-01,2.680000000000000090e-02,-2.310000000000000109e-01,1.385000000000000120e-01
5.380600000000000000e+04,5.719999999999999751e+00,-2.500000000000000000e-01,3.229999999999999982e+00,9.640999999999999570e-01,2.560000000000000123e-02,-2.346999999999999920e-01,1.213000000000000050e-01
5.381200000000000000e+04,5.530000000000000249e+00,-5.600000000000000533e-01,3.390000000000000124e+00,9.647000000000000020e-01,2.529999999999999957e-02,-2.366000000000000048e-01,1.129000000000000004e-01
5.381800000000000000e+04,5.530000000000000249e+00,-7.500000000000000000e-01,3.620000000000000107e+00,9.651999999999999469e-01,2.510000000000000078e-02,-2.384999999999999898e-01,1.044000000000000067e-01
5.382500000000000000e+04,6.830000000000000071e+00,-5.999999999999999778e-01,5.150000000000000355e+00,9.651999999999999469e-01,2.510000000000000078e-02,-2.384999999999999898e-01,1.044000000000000067e-01
5.383100000000000000e+04,7.599999999999999645e+00,-6.700000000000000400e-01,5.190000000000000391e+00,9.651999999999999469e-01,2.510000000000000078e-02,-2.384999999999999898e-01,1.044000000000000067e-01
5.383800000000000000e+04,8.210000000000000853e+00,-1.550000000000000044e+00,5.230000000000000426e+00,9.661999999999999478e-01,2.390000000000000110e-02,-2.467999999999999916e-01,7.069999999999999896e-02
5.384500000000000000e+04,7.599999999999999645e+00,-2.740000000000000213e+00,5.570000000000000284e+00,9.663000000000000478e-01,2.330000000000000127e-02,-2.485999999999999877e-01,6.289999999999999758e-02
5.385100000000000000e+04,7.599999999999999645e+00,-2.740000000000000213e+00,5.570000000000000284e+00,9.663000000000000478e-01,2.330000000000000127e-02,-2.485999999999999877e-01,6.289999999999999758e-02
5.386500000000000000e+04,6.530000000000000249e+00,-3.890000000000000124e+00,5.230000000000000426e+00,9.665000000000000258e-01,2.089999999999999844e-02,-2.528000000000000247e-01,4.000000000000000083e-02
5.387300000000000000e+04,5.530000000000000249e+00,-3.620000000000000107e+00,4.959999999999999964e+00,9.665000000000000258e-01,2.089999999999999844e-02,-2.528000000000000247e-01,4.000000000000000083e-02
5.388100000000000000e+04,5.030000000000000249e+00,-3.200000000000000178e+00,5.419999999999999929e+00,9.657000000000000028e-01,1.640000000000000138e-02,-2.590999999999999970e-01,7.000000000000000146e-03
5.388700000000000000e+04,5.030000000000000249e+00,-3.200000000000000178e+00,5.419999999999999929e+00,9.657000000000000028e-01,1.640000000000000138e-02,-2.590999999999999970e-01,7.000000000000000146e-03
5.389300000000000000e+04,5.030000000000000249e+00,-3.200000000000000178e+00,5.419999999999999929e+00,9.648999999999999799e-01,1.370000000000000037e-02,-2.620999999999999996e-01,-3.299999999999999982e-03
5.389900000000000000e+04,5.030000000000000249e+00,-3.200000000000000178e+00,5.419999999999999929e+00,9.638999999999999790e-01,1.039999999999999952e-02,-2.656000000000000028e-01,-1.190000000000000085e-02
5.390600000000000000e+04,4.769999999999999574e+00,-4.160000000000000142e+00,6.450000000000000178e+00,9.634000000000000341e-01,8.600000000000000006e-03,-2.674000000000000266e-01,-1.549999999999999989e-02
5.391300000000000000e+04,4.769999999999999574e+00,-4.160000000000000142e+00,6.450000000000000178e+00,9.634000000000000341e-01,8.600000000000000006e-03,-2.674000000000000266e-01,-1.549999999999999989e-02
5.391900000000000000e+04,4.769999999999999574e+00,-4.160000000000000142e+00,6.450000000000000178e+00,9.634000000000000341e-01,8.600000000000000006e-03,-2.674000000000000266e-01,-1.549999999999999989e-02
5.392700000000000000e+04,4.339999999999999858e+00,-4.230000000000000426e+00,7.910000000000000142e+00,9.610999999999999543e-01,2.000000000000000042e-03,-2.750000000000000222e-01,-2.610000000000000167e-02
5.393400000000000000e+04,4.339999999999999858e+00,-4.230000000000000426e+00,7.910000000000000142e+00,9.606000000000000094e-01,6.999999999999999929e-04,-2.767000000000000015e-01,-2.759999999999999953e-02
5.394100000000000000e+04,4.540000000000000036e+00,-4.269999999999999574e+00,9.789999999999999147e+00,9.595000000000000195e-01,-1.600000000000000077e-03,-2.802999999999999936e-01,-2.980000000000000010e-02
5.394800000000000000e+04,4.540000000000000036e+00,-4.269999999999999574e+00,9.789999999999999147e+00,9.585000000000000187e-01,-4.000000000000000083e-03,-2.832999999999999963e-01,-3.070000000000000159e-02
5.395400000000000000e+04,5.570000000000000284e+00,-3.430000000000000160e+00,1.025000000000000000e+01,9.585000000000000187e-01,-4.000000000000000083e-03,-2.832999999999999963e-01,-3.070000000000000159e-02
5.396000000000000000e+04,5.570000000000000284e+00,-3.430000000000000160e+00,1.025000000000000000e+01,9.577999999999999847e-01,-7.100000000000000408e-03,-2.857999999999999985e-01,-2.999999999999999889e-02
5.396700000000000000e+04,6.070000000000000284e+00,-3.700000000000000178e+00,1.040000000000000036e+01,9.576000000000000068e-01,-8.899999999999999925e-03,-2.866000000000000214e-01,-2.889999999999999861e-02
5.397300000000000000e+04,6.070000000000000284e+00,-3.700000000000000178e+00,1.040000000000000036e+01,9.573000000000000398e-01,-1.280000000000000061e-02,-2.878000000000000003e-01,-2.529999999999999957e-02
5.398000000000000000e+04,6.110000000000000320e+00,-4.429999999999999716e+00,9.900000000000000355e+00,9.573000000000000398e-01,-1.280000000000000061e-02,-2.878000000000000003e-01,-2.529999999999999957e-02
5.398700000000000000e+04,6.110000000000000320e+00,-4.429999999999999716e+00,9.900000000000000355e+00,9.573000000000000398e-01,-1.280000000000000061e-02,-2.878000000000000003e-01,-2.529999999999999957e-02
5.399300000000000000e+04,6.110000000000000320e+00,-4.620000000000000107e+00,9.589999999999999858e+00,9.568999999999999728e-01,-1.890000000000000013e-02,-2.893999999999999906e-01,-1.629999999999999852e-02
5.399900000000000000e+04,6.759999999999999787e+00,-4.080000000000000071e+00,9.939999999999999503e+00,9.566999999999999948e-01,-2.079999999999999905e-02,-2.899999999999999800e-01,-1.250000000000000069e-02
5.400500000000000000e+04,7.370000000000000107e+00,-3.549999999999999822e+00,1.016999999999999993e+01,9.562000000000000499e-01,-2.460000000000000034e-02,-2.916000000000000258e-01,-3.700000000000000164e-03
5.401100000000000000e+04,7.370000000000000107e+00,-3.549999999999999822e+00,1.016999999999999993e+01,9.558999999999999719e-01,-2.680000000000000090e-02,-2.923999999999999932e-01,1.100000000000000066e-03
5.401700000000000000e+04,1.050999999999999979e+01,-1.709999999999999964e+00,1.361999999999999922e+01,9.552000000000000490e-01,-3.169999999999999901e-02,-2.940999999999999726e-01,1.200000000000000025e-02
5.402400000000000000e+04,2.460999999999999943e+01,-1.342999999999999972e+01,1.962999999999999901e+01,9.552000000000000490e-01,-3.169999999999999901e-02,-2.940999999999999726e-01,1.200000000000000025e-02
5.403000000000000000e+04,2.992999999999999972e+01,-9.640000000000000568e+00,1.717999999999999972e+01,9.544000000000000261e-01,-2.699999999999999969e-02,-2.964999999999999858e-01,2.120000000000000009e-02
5.403600000000000000e+04,2.992999999999999972e+01,-9.640000000000000568e+00,1.717999999999999972e+01,9.544000000000000261e-01,-2.699999999999999969e-02,-2.964999999999999858e-01,2.120000000000000009e-02
5.404200000000000000e+04,1.032000000000000028e+01,2.899999999999999800e-01,1.253999999999999915e+01,9.580999999999999517e-01,-1.949999999999999997e-02,-2.847000000000000086e-01,2.390000000000000110e-02
5.404800000000000000e+04,-9.480000000000000426e+00,-1.009999999999999964e+01,1.457000000000000028e+01,9.580999999999999517e-01,-1.949999999999999997e-02,-2.847000000000000086e-01,2.390000000000000110e-02
5.405600000000000000e+04,-1.794999999999999929e+01,-6.339999999999999858e+00,7.759999999999999787e+00,9.613000000000000433e-01,-8.500000000000000611e-03,-2.747999999999999887e-01,1.669999999999999957e-02
5.406300000000000000e+04,-1.591999999999999993e+01,-5.999999999999999778e-01,8.949999999999999289e+00,9.613000000000000433e-01,-8.500000000000000611e-03,-2.747999999999999887e-01,1.669999999999999957e-02
5.407100000000000000e+04,1.276999999999999957e+01,5.379999999999999893e+00,9.140000000000000568e+00,9.620999999999999552e-01,-6.999999999999999929e-04,-2.725000000000000200e-01,1.119999999999999989e-02
5.408600000000000000e+04,1.982000000000000028e+01,1.699999999999999956e+00,9.140000000000000568e+00,9.615000000000000213e-01,1.000000000000000021e-03,-2.743999999999999773e-01,1.220000000000000077e-02
5.409200000000000000e+04,1.580000000000000071e+01,-2.700000000000000178e+00,8.980000000000000426e+00,9.616000000000000103e-01,8.899999999999999925e-03,-2.740000000000000213e-01,1.220000000000000077e-02
5.409800000000000000e+04,1.580000000000000071e+01,-2.700000000000000178e+00,8.980000000000000426e+00,9.625000000000000222e-01,1.439999999999999961e-02,-2.707999999999999852e-01,1.020000000000000073e-02
5.410600000000000000e+04,1.739999999999999991e+00,5.269999999999999574e+00,8.710000000000000853e+00,9.627999999999999892e-01,1.650000000000000078e-02,-2.696999999999999953e-01,9.799999999999999684e-03
5.411200000000000000e+04,4.769999999999999574e+00,5.230000000000000426e+00,8.599999999999999645e+00,9.628999999999999782e-01,1.820000000000000090e-02,-2.691999999999999948e-01,9.799999999999999684e-03
5.411900000000000000e+04,4.769999999999999574e+00,5.230000000000000426e+00,8.599999999999999645e+00,9.628999999999999782e-01,1.820000000000000090e-02,-2.691999999999999948e-01,9.799999999999999684e-03
5.412600000000000000e+04,4.769999999999999574e+00,5.230000000000000426e+00,8.599999999999999645e+00,9.628999999999999782e-01,1.820000000000000090e-02,-2.691999999999999948e-01,9.799999999999999684e-03
5.413200000000000000e+04,4.769999999999999574e+00,5.230000000000000426e+00,8.599999999999999645e+00,9.628999999999999782e-01,1.820000000000000090e-02,-2.691999999999999948e-01,9.799999999999999684e-03
5.413800000000000000e+04,4.769999999999999574e+00,5.230000000000000426e+00,8.599999999999999645e+00,9.638999999999999790e-01,2.199999999999999872e-02,-2.651999999999999913e-01,9.299999999999999239e-03
5.414500000000000000e+04,3.729999999999999982e+00,2.350000000000000089e+00,8.949999999999999289e+00,9.641999999999999460e-01,2.220000000000000098e-02,-2.641000000000000014e-01,9.100000000000000450e-03
5.415100000000000000e+04,3.770000000000000018e+00,1.969999999999999973e+00,8.869999999999999218e+00,9.641999999999999460e-01,2.220000000000000098e-02,-2.641000000000000014e-01,9.100000000000000450e-03
5.415700000000000000e+04,3.770000000000000018e+00,1.969999999999999973e+00,8.869999999999999218e+00,9.641999999999999460e-01,2.220000000000000098e-02,-2.641000000000000014e-01,9.100000000000000450e-03
5.416300000000000000e+04,4.150000000000000355e+00,1.300000000000000044e-01,8.949999999999999289e+00,9.641999999999999460e-01,2.220000000000000098e-02,-2.641000000000000014e-01,9.100000000000000450e-03
5.417000000000000000e+04,4.459999999999999964e+00,-1.090000000000000080e+00,8.949999999999999289e+00,9.641999999999999460e-01,2.220000000000000098e-02,-2.641000000000000014e-01,9.100000000000000450e-03
5.417700000000000000e+04,4.459999999999999964e+00,-1.090000000000000080e+00,8.949999999999999289e+00,9.641999999999999460e-01,2.220000000000000098e-02,-2.641000000000000014e-01,9.100000000000000450e-03
5.418500000000000000e+04,3.919999999999999929e+00,-2.099999999999999922e-01,8.910000000000000142e+00,9.641999999999999460e-01,2.220000000000000098e-02,-2.641000000000000014e-01,9.100000000000000450e-03
5.419200000000000000e+04,3.919999999999999929e+00,-2.099999999999999922e-01,8.910000000000000142e+00,9.641999999999999460e-01,2.220000000000000098e-02,-2.641000000000000014e-01,9.100000000000000450e-03
5.420000000000000000e+04,4.230000000000000426e+00,2.500000000000000000e-01,8.949999999999999289e+00,9.666000000000000147e-01,1.799999999999999864e-02,-2.555000000000000049e-01,8.800000000000000530e-03
5.420600000000000000e+04,4.110000000000000320e+00,-2.000000000000000042e-02,8.949999999999999289e+00,9.666000000000000147e-01,1.799999999999999864e-02,-2.555000000000000049e-01,8.800000000000000530e-03
5.421300000000000000e+04,3.879999999999999893e+00,8.999999999999999667e-02,9.019999999999999574e+00,9.669999999999999707e-01,1.770000000000000046e-02,-2.540000000000000036e-01,8.500000000000000611e-03
5.422000000000000000e+04,3.879999999999999893e+00,8.999999999999999667e-02,9.019999999999999574e+00,9.669999999999999707e-01,1.770000000000000046e-02,-2.540000000000000036e-01,8.500000000000000611e-03
5.422700000000000000e+04,3.879999999999999893e+00,8.999999999999999667e-02,9.019999999999999574e+00,9.671999999999999487e-01,1.729999999999999941e-02,-2.534000000000000141e-01,8.300000000000000086e-03
5.423300000000000000e+04,3.879999999999999893e+00,8.999999999999999667e-02,9.019999999999999574e+00,9.671999999999999487e-01,1.729999999999999941e-02,-2.534000000000000141e-01,8.300000000000000086e-03
5.424000000000000000e+04,4.000000000000000000e+00,6.700000000000000400e-01,8.980000000000000426e+00,9.673000000000000487e-01,1.629999999999999852e-02,-2.530000000000000027e-01,8.200000000000000691e-03
5.424600000000000000e+04,4.000000000000000000e+00,1.469999999999999973e+00,9.019999999999999574e+00,9.673000000000000487e-01,1.569999999999999868e-02,-2.530000000000000027e-01,8.200000000000000691e-03
5.425200000000000000e+04,4.000000000000000000e+00,1.469999999999999973e+00,9.019999999999999574e+00,9.673000000000000487e-01,1.510000000000000057e-02,-2.530999999999999917e-01,8.300000000000000086e-03
5.425800000000000000e+04,4.269999999999999574e+00,1.550000000000000044e+00,8.910000000000000142e+00,9.673000000000000487e-01,1.510000000000000057e-02,-2.530999999999999917e-01,8.300000000000000086e-03
5.426600000000000000e+04,4.299999999999999822e+00,9.399999999999999467e-01,8.750000000000000000e+00,9.669999999999999707e-01,1.179999999999999973e-02,-2.541999999999999815e-01,8.899999999999999925e-03
5.427200000000000000e+04,4.299999999999999822e+00,8.199999999999999512e-01,8.750000000000000000e+00,9.668999999999999817e-01,1.039999999999999952e-02,-2.546999999999999820e-01,9.100000000000000450e-03
5.427800000000000000e+04,4.299999999999999822e+00,8.199999999999999512e-01,8.750000000000000000e+00,9.667000000000000037e-01,7.400000000000000328e-03,-2.556999999999999829e-01,9.599999999999999159e-03
5.428400000000000000e+04,4.110000000000000320e+00,-1.799999999999999933e-01,8.710000000000000853e+00,9.666000000000000147e-01,6.000000000000000125e-03,-2.561999999999999833e-01,9.900000000000000813e-03
5.429000000000000000e+04,3.959999999999999964e+00,-5.600000000000000533e-01,8.789999999999999147e+00,9.664000000000000368e-01,4.599999999999999922e-03,-2.566999999999999837e-01,1.020000000000000073e-02
5.430500000000000000e+04,3.799999999999999822e+00,-7.900000000000000355e-01,8.679999999999999716e+00,9.663000000000000478e-01,3.200000000000000153e-03,-2.571999999999999842e-01,1.050000000000000065e-02
5.431100000000000000e+04,3.500000000000000000e+00,-1.169999999999999929e+00,8.710000000000000853e+00,9.660999999999999588e-01,4.000000000000000192e-04,-2.580999999999999961e-01,1.099999999999999936e-02
5.431700000000000000e+04,3.799999999999999822e+00,-6.400000000000000133e-01,8.750000000000000000e+00,9.659999999999999698e-01,-2.000000000000000096e-04,-2.581999999999999851e-01,1.099999999999999936e-02
5.432500000000000000e+04,3.839999999999999858e+00,-2.500000000000000000e-01,8.830000000000000071e+00,9.659999999999999698e-01,-6.999999999999999929e-04,-2.584000000000000186e-01,1.099999999999999936e-02
5.433100000000000000e+04,3.839999999999999858e+00,-2.500000000000000000e-01,8.830000000000000071e+00,9.659999999999999698e-01,-6.999999999999999929e-04,-2.584000000000000186e-01,1.099999999999999936e-02
5.433700000000000000e+04,3.879999999999999893e+00,-2.099999999999999922e-01,8.640000000000000568e+00,9.658999999999999808e-01,-1.399999999999999986e-03,-2.585000000000000075e-01,1.060000000000000005e-02
5.434400000000000000e+04,4.110000000000000320e+00,-2.500000000000000000e-01,8.710000000000000853e+00,9.658999999999999808e-01,-1.399999999999999986e-03,-2.585000000000000075e-01,1.060000000000000005e-02
5.435100000000000000e+04,4.110000000000000320e+00,-2.500000000000000000e-01,8.710000000000000853e+00,9.658999999999999808e-01,-1.399999999999999986e-03,-2.585000000000000075e-01,1.060000000000000005e-02
5.435700000000000000e+04,4.110000000000000320e+00,5.000000000000000278e-02,8.710000000000000853e+00,9.658999999999999808e-01,-1.399999999999999986e-03,-2.585000000000000075e-01,1.060000000000000005e-02
5.436400000000000000e+04,4.110000000000000320e+00,5.000000000000000278e-02,8.710000000000000853e+00,9.660999999999999588e-01,-8.000000000000000383e-04,-2.580000000000000071e-01,9.299999999999999239e-03
5.437000000000000000e+04,4.110000000000000320e+00,5.000000000000000278e-02,8.710000000000000853e+00,9.660999999999999588e-01,-8.000000000000000383e-04,-2.580000000000000071e-01,9.299999999999999239e-03
5.437700000000000000e+04,4.419999999999999929e+00,5.899999999999999689e-01,8.789999999999999147e+00,9.661999999999999478e-01,-5.000000000000000104e-04,-2.577999999999999736e-01,8.800000000000000530e-03
5.438500000000000000e+04,4.190000000000000391e+00,4.000000000000000222e-01,8.789999999999999147e+00,9.661999999999999478e-01,-5.999999999999999474e-04,-2.577999999999999736e-01,8.699999999999999400e-03
5.439100000000000000e+04,4.269999999999999574e+00,8.999999999999999667e-02,8.789999999999999147e+00,9.660999999999999588e-01,-6.999999999999999929e-04,-2.579000000000000181e-01,8.600000000000000006e-03
5.439900000000000000e+04,4.269999999999999574e+00,1.700000000000000122e-01,8.750000000000000000e+00,9.660999999999999588e-01,-8.999999999999999754e-04,-2.579000000000000181e-01,8.500000000000000611e-03
5.440600000000000000e+04,4.269999999999999574e+00,1.700000000000000122e-01,8.750000000000000000e+00,9.660999999999999588e-01,-8.999999999999999754e-04,-2.579000000000000181e-01,8.500000000000000611e-03
5.441200000000000000e+04,4.269999999999999574e+00,1.700000000000000122e-01,8.750000000000000000e+00,9.660999999999999588e-01,-8.999999999999999754e-04,-2.579000000000000181e-01,8.500000000000000611e-03
5.441800000000000000e+04,4.269999999999999574e+00,1.700000000000000122e-01,8.750000000000000000e+00,9.658999999999999808e-01,-2.299999999999999961e-03,-2.585999999999999965e-01,8.399999999999999481e-03
5.442500000000000000e+04,4.299999999999999822e+00,-1.000000000000000056e-01,8.789999999999999147e+00,9.658999999999999808e-01,-2.599999999999999881e-03,-2.586999999999999855e-01,8.399999999999999481e-03
5.443100000000000000e+04,4.299999999999999822e+00,-1.400000000000000133e-01,8.679999999999999716e+00,9.658999999999999808e-01,-2.599999999999999881e-03,-2.586999999999999855e-01,8.399999999999999481e-03
5.443700000000000000e+04,4.299999999999999822e+00,-1.000000000000000056e-01,8.679999999999999716e+00,9.658999999999999808e-01,-2.599999999999999881e-03,-2.586999999999999855e-01,8.399999999999999481e-03
5.444300000000000000e+04,4.299999999999999822e+00,-1.000000000000000056e-01,8.679999999999999716e+00,9.658999999999999808e-01,-2.599999999999999881e-03,-2.586999999999999855e-01,8.399999999999999481e-03
5.444900000000000000e+04,4.269999999999999574e+00,-5.999999999999999778e-02,8.710000000000000853e+00,9.658999999999999808e-01,-2.599999999999999881e-03,-2.586999999999999855e-01,8.399999999999999481e-03
5.445700000000000000e+04,4.150000000000000355e+00,-5.999999999999999778e-02,8.750000000000000000e+00,9.658999999999999808e-01,-2.599999999999999881e-03,-2.586999999999999855e-01,8.399999999999999481e-03
5.446500000000000000e+04,4.070000000000000284e+00,1.300000000000000044e-01,8.750000000000000000e+00,9.657999999999999918e-01,-4.599999999999999922e-03,-2.592999999999999750e-01,8.399999999999999481e-03
5.447100000000000000e+04,4.150000000000000355e+00,5.000000000000000278e-02,8.750000000000000000e+00,9.657999999999999918e-01,-4.599999999999999922e-03,-2.592999999999999750e-01,8.399999999999999481e-03
5.447700000000000000e+04,4.150000000000000355e+00,5.000000000000000278e-02,8.750000000000000000e+00,9.657999999999999918e-01,-4.599999999999999922e-03,-2.592999999999999750e-01,8.399999999999999481e-03
5.448500000000000000e+04,4.150000000000000355e+00,-1.400000000000000133e-01,8.789999999999999147e+00,9.657999999999999918e-01,-4.599999999999999922e-03,-2.592999999999999750e-01,8.399999999999999481e-03
5.449100000000000000e+04,4.070000000000000284e+00,-1.400000000000000133e-01,8.679999999999999716e+00,9.657999999999999918e-01,-4.599999999999999922e-03,-2.592999999999999750e-01,8.399999999999999481e-03
5.449700000000000000e+04,4.150000000000000355e+00,-5.999999999999999778e-02,8.679999999999999716e+00,9.657999999999999918e-01,-5.899999999999999863e-03,-2.591999999999999860e-01,8.099999999999999561e-03
5.450400000000000000e+04,4.190000000000000391e+00,-2.000000000000000042e-02,8.679999999999999716e+00,9.657999999999999918e-01,-5.899999999999999863e-03,-2.591999999999999860e-01,8.099999999999999561e-03
5.451100000000000000e+04,4.040000000000000036e+00,8.999999999999999667e-02,8.789999999999999147e+00,9.657999999999999918e-01,-6.000000000000000125e-03,-2.590000000000000080e-01,7.799999999999999642e-03
5.452500000000000000e+04,4.000000000000000000e+00,2.099999999999999922e-01,8.710000000000000853e+00,9.657999999999999918e-01,-6.100000000000000387e-03,-2.590000000000000080e-01,7.599999999999999985e-03
5.453100000000000000e+04,4.070000000000000284e+00,-1.400000000000000133e-01,8.710000000000000853e+00,9.658999999999999808e-01,-6.100000000000000387e-03,-2.586999999999999855e-01,7.100000000000000408e-03
5.453700000000000000e+04,4.040000000000000036e+00,-1.400000000000000133e-01,8.679999999999999716e+00,9.659999999999999698e-01,-6.000000000000000125e-03,-2.584000000000000186e-01,6.700000000000000226e-03
5.454500000000000000e+04,4.230000000000000426e+00,-5.999999999999999778e-02,8.869999999999999218e+00,9.659999999999999698e-01,-6.000000000000000125e-03,-2.582999999999999741e-01,6.499999999999999702e-03
5.455100000000000000e+04,4.230000000000000426e+00,-1.799999999999999933e-01,8.789999999999999147e+00,9.659999999999999698e-01,-6.000000000000000125e-03,-2.582999999999999741e-01,6.499999999999999702e-03
5.455700000000000000e+04,4.150000000000000355e+00,-2.099999999999999922e-01,8.750000000000000000e+00,9.660999999999999588e-01,-5.899999999999999863e-03,-2.580999999999999961e-01,6.199999999999999782e-03
5.456400000000000000e+04,4.040000000000000036e+00,1.700000000000000122e-01,8.789999999999999147e+00,9.660999999999999588e-01,-5.899999999999999863e-03,-2.580999999999999961e-01,6.199999999999999782e-03
5.457100000000000000e+04,4.070000000000000284e+00,2.899999999999999800e-01,8.869999999999999218e+00,9.660999999999999588e-01,-5.899999999999999863e-03,-2.580999999999999961e-01,6.199999999999999782e-03
5.457900000000000000e+04,4.040000000000000036e+00,1.700000000000000122e-01,8.750000000000000000e+00,9.661999999999999478e-01,-5.499999999999999681e-03,-2.575999999999999956e-01,5.499999999999999681e-03
5.458500000000000000e+04,4.040000000000000036e+00,1.700000000000000122e-01,8.750000000000000000e+00,9.661999999999999478e-01,-5.499999999999999681e-03,-2.575999999999999956e-01,5.499999999999999681e-03
5.459200000000000000e+04,4.269999999999999574e+00,-2.500000000000000000e-01,8.640000000000000568e+00,9.661999999999999478e-01,-5.499999999999999681e-03,-2.575000000000000067e-01,5.199999999999999761e-03
5.460000000000000000e+04,4.419999999999999929e+00,-4.099999999999999756e-01,8.949999999999999289e+00,9.661999999999999478e-01,-5.599999999999999943e-03,-2.574000000000000177e-01,5.100000000000000366e-03
5.460600000000000000e+04,4.500000000000000000e+00,5.200000000000000178e-01,8.869999999999999218e+00,9.661999999999999478e-01,-5.599999999999999943e-03,-2.574000000000000177e-01,5.100000000000000366e-03
5.461200000000000000e+04,4.000000000000000000e+00,-2.000000000000000042e-02,8.910000000000000142e+00,9.661999999999999478e-01,-5.599999999999999943e-03,-2.574000000000000177e-01,5.100000000000000366e-03
5.462000000000000000e+04,3.839999999999999858e+00,-1.799999999999999933e-01,8.869999999999999218e+00,9.661999999999999478e-01,-5.899999999999999863e-03,-2.575000000000000067e-01,4.899999999999999842e-03
5.462600000000000000e+04,4.070000000000000284e+00,5.000000000000000278e-02,8.830000000000000071e+00,9.661999999999999478e-01,-5.899999999999999863e-03,-2.575000000000000067e-01,4.899999999999999842e-03
5.463200000000000000e+04,4.110000000000000320e+00,-2.000000000000000042e-02,8.869999999999999218e+00,9.661999999999999478e-01,-6.199999999999999782e-03,-2.577999999999999736e-01,5.000000000000000104e-03
5.463800000000000000e+04,4.040000000000000036e+00,-2.000000000000000042e-02,8.830000000000000071e+00,9.661999999999999478e-01,-6.199999999999999782e-03,-2.577999999999999736e-01,5.000000000000000104e-03
5.464400000000000000e+04,4.040000000000000036e+00,-2.000000000000000042e-02,8.830000000000000071e+00,9.661999999999999478e-01,-6.199999999999999782e-03,-2.577999999999999736e-01,5.000000000000000104e-03
5.465100000000000000e+04,4.190000000000000391e+00,8.999999999999999667e-02,8.830000000000000071e+00,9.658999999999999808e-01,-7.000000000000000146e-03,-2.585999999999999965e-01,5.400000000000000286e-03
5.465700000000000000e+04,4.190000000000000391e+00,8.999999999999999667e-02,8.830000000000000071e+00,9.658999999999999808e-01,-7.000000000000000146e-03,-2.585999999999999965e-01,5.400000000000000286e-03
5.466300000000000000e+04,4.190000000000000391e+00,8.999999999999999667e-02,8.830000000000000071e+00,9.657999999999999918e-01,-7.900000000000000772e-03,-2.592999999999999750e-01,5.700000000000000205e-03
5.467000000000000000e+04,4.040000000000000036e+00,-5.999999999999999778e-02,8.869999999999999218e+00,9.657999999999999918e-01,-7.900000000000000772e-03,-2.592999999999999750e-01,5.700000000000000205e-03
5.467600000000000000e+04,4.000000000000000000e+00,-1.400000000000000133e-01,8.830000000000000071e+00,9.657999999999999918e-01,-7.900000000000000772e-03,-2.592999999999999750e-01,5.700000000000000205e-03
5.468200000000000000e+04,4.000000000000000000e+00,-1.400000000000000133e-01,8.789999999999999147e+00,9.655000000000000249e-01,-9.100000000000000450e-03,-2.604000000000000203e-01,6.100000000000000387e-03
5.468800000000000000e+04,4.070000000000000284e+00,-1.400000000000000133e-01,8.910000000000000142e+00,9.653000000000000469e-01,-9.499999999999999764e-03,-2.606999999999999873e-01,6.199999999999999782e-03
5.469400000000000000e+04,4.070000000000000284e+00,-1.400000000000000133e-01,8.910000000000000142e+00,9.653000000000000469e-01,-9.799999999999999684e-03,-2.610000000000000098e-01,6.199999999999999782e-03
5.470100000000000000e+04,4.070000000000000284e+00,-1.400000000000000133e-01,8.910000000000000142e+00,9.651999999999999469e-01,-1.000000000000000021e-02,-2.612999999999999767e-01,6.199999999999999782e-03
5.470900000000000000e+04,4.299999999999999822e+00,-2.000000000000000042e-02,8.789999999999999147e+00,9.651999999999999469e-01,-1.000000000000000021e-02,-2.612999999999999767e-01,6.199999999999999782e-03
5.471600000000000000e+04,4.299999999999999822e+00,-2.000000000000000042e-02,8.789999999999999147e+00,9.649999999999999689e-01,-1.080000000000000057e-02,-2.620999999999999996e-01,6.199999999999999782e-03
5.472400000000000000e+04,4.230000000000000426e+00,-1.400000000000000133e-01,8.750000000000000000e+00,9.647999999999999909e-01,-1.119999999999999989e-02,-2.626000000000000001e-01,6.100000000000000387e-03
5.473000000000000000e+04,4.339999999999999858e+00,-1.000000000000000056e-01,8.480000000000000426e+00,9.647999999999999909e-01,-1.119999999999999989e-02,-2.626000000000000001e-01,6.100000000000000387e-03
5.474500000000000000e+04,4.299999999999999822e+00,5.000000000000000278e-02,8.640000000000000568e+00,9.647000000000000020e-01,-1.159999999999999920e-02,-2.629000000000000226e-01,6.000000000000000125e-03
5.475200000000000000e+04,4.459999999999999964e+00,-1.799999999999999933e-01,8.710000000000000853e+00,9.646000000000000130e-01,-1.200000000000000025e-02,-2.634000000000000230e-01,5.899999999999999863e-03
5.476000000000000000e+04,4.459999999999999964e+00,-1.799999999999999933e-01,8.710000000000000853e+00,9.645000000000000240e-01,-1.209999999999999964e-02,-2.635000000000000120e-01,5.799999999999999600e-03
5.476700000000000000e+04,4.269999999999999574e+00,-1.799999999999999933e-01,8.710000000000000853e+00,9.645000000000000240e-01,-1.209999999999999964e-02,-2.635000000000000120e-01,5.799999999999999600e-03
5.477500000000000000e+04,4.269999999999999574e+00,-1.400000000000000133e-01,8.750000000000000000e+00,9.645000000000000240e-01,-1.230000000000000017e-02,-2.636999999999999900e-01,5.700000000000000205e-03
5.478100000000000000e+04,4.299999999999999822e+00,-1.799999999999999933e-01,8.519999999999999574e+00,9.645000000000000240e-01,-1.230000000000000017e-02,-2.636999999999999900e-01,5.700000000000000205e-03
5.478700000000000000e+04,4.269999999999999574e+00,1.700000000000000122e-01,8.679999999999999716e+00,9.645000000000000240e-01,-1.250000000000000069e-02,-2.639000000000000234e-01,5.400000000000000286e-03
5.479400000000000000e+04,4.419999999999999929e+00,-1.799999999999999933e-01,8.640000000000000568e+00,9.645000000000000240e-01,-1.250000000000000069e-02,-2.639000000000000234e-01,5.400000000000000286e-03
5.480000000000000000e+04,4.419999999999999929e+00,-1.799999999999999933e-01,8.640000000000000568e+00,9.645000000000000240e-01,-1.250000000000000069e-02,-2.639000000000000234e-01,5.400000000000000286e-03
5.480600000000000000e+04,4.150000000000000355e+00,-2.000000000000000042e-02,8.750000000000000000e+00,9.645000000000000240e-01,-1.250000000000000069e-02,-2.637999999999999790e-01,5.300000000000000024e-03
5.481200000000000000e+04,4.150000000000000355e+00,-2.000000000000000042e-02,8.679999999999999716e+00,9.645000000000000240e-01,-1.250000000000000069e-02,-2.636999999999999900e-01,5.199999999999999761e-03
5.481800000000000000e+04,4.190000000000000391e+00,-1.799999999999999933e-01,8.679999999999999716e+00,9.645000000000000240e-01,-1.250000000000000069e-02,-2.636999999999999900e-01,5.199999999999999761e-03
5.482400000000000000e+04,4.269999999999999574e+00,-1.400000000000000133e-01,8.679999999999999716e+00,9.645000000000000240e-01,-1.260000000000000009e-02,-2.636999999999999900e-01,5.199999999999999761e-03
5.483100000000000000e+04,4.299999999999999822e+00,-1.000000000000000056e-01,8.710000000000000853e+00,9.645000000000000240e-01,-1.260000000000000009e-02,-2.636999999999999900e-01,5.199999999999999761e-03
5.483800000000000000e+04,4.299999999999999822e+00,-1.000000000000000056e-01,8.710000000000000853e+00,9.646000000000000130e-01,-1.250000000000000069e-02,-2.635000000000000120e-01,5.199999999999999761e-03
5.484400000000000000e+04,4.299999999999999822e+00,-1.000000000000000056e-01,8.710000000000000853e+00,9.646000000000000130e-01,-1.250000000000000069e-02,-2.635000000000000120e-01,5.199999999999999761e-03
5.485000000000000000e+04,4.299999999999999822e+00,-1.000000000000000056e-01,8.710000000000000853e+00,9.646000000000000130e-01,-1.250000000000000069e-02,-2.635000000000000120e-01,5.199999999999999761e-03
5.485600000000000000e+04,4.299999999999999822e+00,-1.000000000000000056e-01,8.710000000000000853e+00,9.647000000000000020e-01,-1.230000000000000017e-02,-2.631999999999999895e-01,5.199999999999999761e-03
5.486400000000000000e+04,4.299999999999999822e+00,2.000000000000000042e-02,8.710000000000000853e+00,9.647000000000000020e-01,-1.230000000000000017e-02,-2.631000000000000005e-01,5.199999999999999761e-03
5.487000000000000000e+04,4.230000000000000426e+00,2.000000000000000042e-02,8.750000000000000000e+00,9.647000000000000020e-01,-1.230000000000000017e-02,-2.631000000000000005e-01,5.199999999999999761e-03
5.487600000000000000e+04,4.190000000000000391e+00,2.000000000000000042e-02,8.710000000000000853e+00,9.647000000000000020e-01,-1.230000000000000017e-02,-2.631000000000000005e-01,5.199999999999999761e-03
5.488400000000000000e+04,4.190000000000000391e+00,-1.000000000000000056e-01,8.750000000000000000e+00,9.647000000000000020e-01,-1.220000000000000077e-02,-2.627999999999999781e-01,5.300000000000000024e-03
5.489200000000000000e+04,4.269999999999999574e+00,-1.799999999999999933e-01,8.750000000000000000e+00,9.647999999999999909e-01,-1.220000000000000077e-02,-2.627999999999999781e-01,5.400000000000000286e-03
5.489900000000000000e+04,4.190000000000000391e+00,-1.400000000000000133e-01,8.750000000000000000e+00,9.647999999999999909e-01,-1.220000000000000077e-02,-2.627999999999999781e-01,5.599999999999999943e-03
5.490700000000000000e+04,4.150000000000000355e+00,-1.400000000000000133e-01,8.789999999999999147e+00,9.647999999999999909e-01,-1.220000000000000077e-02,-2.627999999999999781e-01,5.599999999999999943e-03
5.491300000000000000e+04,4.150000000000000355e+00,-1.400000000000000133e-01,8.789999999999999147e+00,9.647999999999999909e-01,-1.220000000000000077e-02,-2.627999999999999781e-01,5.700000000000000205e-03
5.491900000000000000e+04,4.150000000000000355e+00,-1.400000000000000133e-01,8.789999999999999147e+00,9.647999999999999909e-01,-1.220000000000000077e-02,-2.627999999999999781e-01,5.700000000000000205e-03
5.492600000000000000e+04,4.269999999999999574e+00,-1.400000000000000133e-01,8.710000000000000853e+00,9.647999999999999909e-01,-1.220000000000000077e-02,-2.627999999999999781e-01,5.700000000000000205e-03
5.493500000000000000e+04,4.150000000000000355e+00,-2.000000000000000042e-02,8.789999999999999147e+00,9.647000000000000020e-01,-1.230000000000000017e-02,-2.627999999999999781e-01,6.300000000000000044e-03
5.494100000000000000e+04,4.110000000000000320e+00,-5.999999999999999778e-02,8.789999999999999147e+00,9.647000000000000020e-01,-1.230000000000000017e-02,-2.627999999999999781e-01,6.300000000000000044e-03
5.494900000000000000e+04,4.230000000000000426e+00,-1.400000000000000133e-01,8.789999999999999147e+00,9.647000000000000020e-01,-1.230000000000000017e-02,-2.629000000000000226e-01,6.700000000000000226e-03
5.495500000000000000e+04,4.230000000000000426e+00,-1.799999999999999933e-01,8.789999999999999147e+00,9.647000000000000020e-01,-1.230000000000000017e-02,-2.630000000000000115e-01,6.799999999999999621e-03
5.497000000000000000e+04,4.150000000000000355e+00,-1.400000000000000133e-01,8.789999999999999147e+00,9.647000000000000020e-01,-1.230000000000000017e-02,-2.630000000000000115e-01,6.799999999999999621e-03
5.497600000000000000e+04,4.040000000000000036e+00,-2.000000000000000042e-02,8.710000000000000853e+00,9.646000000000000130e-01,-1.239999999999999956e-02,-2.632999999999999785e-01,7.400000000000000328e-03
5.498200000000000000e+04,4.040000000000000036e+00,-2.000000000000000042e-02,8.710000000000000853e+00,9.646000000000000130e-01,-1.239999999999999956e-02,-2.632999999999999785e-01,7.400000000000000328e-03
5.498900000000000000e+04,4.150000000000000355e+00,2.000000000000000042e-02,8.710000000000000853e+00,9.645000000000000240e-01,-1.230000000000000017e-02,-2.634000000000000230e-01,7.799999999999999642e-03
5.499600000000000000e+04,4.230000000000000426e+00,-5.999999999999999778e-02,8.679999999999999716e+00,9.645000000000000240e-01,-1.230000000000000017e-02,-2.634000000000000230e-01,7.799999999999999642e-03
5.500400000000000000e+04,4.379999999999999893e+00,-1.000000000000000056e-01,8.710000000000000853e+00,9.645000000000000240e-01,-1.220000000000000077e-02,-2.635000000000000120e-01,8.200000000000000691e-03
5.501000000000000000e+04,4.379999999999999893e+00,-5.999999999999999778e-02,8.710000000000000853e+00,9.645000000000000240e-01,-1.220000000000000077e-02,-2.635000000000000120e-01,8.200000000000000691e-03
5.501700000000000000e+04,4.269999999999999574e+00,-2.000000000000000042e-02,8.710000000000000853e+00,9.645000000000000240e-01,-1.209999999999999964e-02,-2.636999999999999900e-01,8.699999999999999400e-03
5.502400000000000000e+04,4.230000000000000426e+00,-2.000000000000000042e-02,8.710000000000000853e+00,9.645000000000000240e-01,-1.209999999999999964e-02,-2.636999999999999900e-01,8.800000000000000530e-03
5.503000000000000000e+04,4.230000000000000426e+00,-1.000000000000000056e-01,8.710000000000000853e+00,9.645000000000000240e-01,-1.209999999999999964e-02,-2.636999999999999900e-01,8.800000000000000530e-03
5.503600000000000000e+04,4.230000000000000426e+00,-1.000000000000000056e-01,8.710000000000000853e+00,9.644000000000000350e-01,-1.209999999999999964e-02,-2.639000000000000234e-01,9.299999999999999239e-03
5.504400000000000000e+04,4.230000000000000426e+00,-1.000000000000000056e-01,8.710000000000000853e+00,9.644000000000000350e-01,-1.209999999999999964e-02,-2.639000000000000234e-01,9.299999999999999239e-03
5.505000000000000000e+04,4.269999999999999574e+00,-1.400000000000000133e-01,8.750000000000000000e+00,9.644000000000000350e-01,-1.209999999999999964e-02,-2.639000000000000234e-01,9.299999999999999239e-03
5.505600000000000000e+04,4.230000000000000426e+00,-5.999999999999999778e-02,8.710000000000000853e+00,9.644000000000000350e-01,-1.190000000000000085e-02,-2.640000000000000124e-01,9.900000000000000813e-03
5.506400000000000000e+04,4.230000000000000426e+00,-5.999999999999999778e-02,8.710000000000000853e+00,9.644000000000000350e-01,-1.179999999999999973e-02,-2.639000000000000234e-01,1.009999999999999960e-02
5.507000000000000000e+04,4.269999999999999574e+00,-5.999999999999999778e-02,8.710000000000000853e+00,9.644000000000000350e-01,-1.170000000000000033e-02,-2.639000000000000234e-01,1.030000000000000013e-02
5.507700000000000000e+04,4.269999999999999574e+00,-5.999999999999999778e-02,8.710000000000000853e+00,9.645000000000000240e-01,-1.159999999999999920e-02,-2.637999999999999790e-01,1.060000000000000005e-02
5.508300000000000000e+04,4.230000000000000426e+00,-5.999999999999999778e-02,8.750000000000000000e+00,9.645000000000000240e-01,-1.159999999999999920e-02,-2.637999999999999790e-01,1.060000000000000005e-02
5.508900000000000000e+04,4.339999999999999858e+00,-1.400000000000000133e-01,8.679999999999999716e+00,9.645000000000000240e-01,-1.140000000000000041e-02,-2.636000000000000010e-01,1.089999999999999997e-02
5.509500000000000000e+04,4.339999999999999858e+00,-1.400000000000000133e-01,8.679999999999999716e+00,9.645000000000000240e-01,-1.140000000000000041e-02,-2.636000000000000010e-01,1.089999999999999997e-02
5.510200000000000000e+04,4.339999999999999858e+00,-1.400000000000000133e-01,8.679999999999999716e+00,9.645000000000000240e-01,-1.099999999999999936e-02,-2.634000000000000230e-01,1.140000000000000041e-02
5.510900000000000000e+04,4.190000000000000391e+00,-1.400000000000000133e-01,8.710000000000000853e+00,9.645000000000000240e-01,-1.089999999999999997e-02,-2.634000000000000230e-01,1.149999999999999981e-02
5.511600000000000000e+04,4.230000000000000426e+00,-5.999999999999999778e-02,8.710000000000000853e+00,9.646000000000000130e-01,-1.060000000000000005e-02,-2.631999999999999895e-01,1.179999999999999973e-02
5.512400000000000000e+04,4.230000000000000426e+00,5.000000000000000278e-02,8.710000000000000853e+00,9.647000000000000020e-01,-1.039999999999999952e-02,-2.631000000000000005e-01,1.179999999999999973e-02
5.513000000000000000e+04,4.190000000000000391e+00,-2.000000000000000042e-02,8.750000000000000000e+00,9.647000000000000020e-01,-1.030000000000000013e-02,-2.630000000000000115e-01,1.200000000000000025e-02
5.513600000000000000e+04,4.190000000000000391e+00,-5.999999999999999778e-02,8.710000000000000853e+00,9.647000000000000020e-01,-1.030000000000000013e-02,-2.630000000000000115e-01,1.200000000000000025e-02
5.514400000000000000e+04,4.190000000000000391e+00,-5.999999999999999778e-02,8.710000000000000853e+00,9.647000000000000020e-01,-1.030000000000000013e-02,-2.630000000000000115e-01,1.200000000000000025e-02
5.515000000000000000e+04,4.190000000000000391e+00,-5.999999999999999778e-02,8.710000000000000853e+00,9.647000000000000020e-01,-1.030000000000000013e-02,-2.630000000000000115e-01,1.200000000000000025e-02
5.515700000000000000e+04,4.299999999999999822e+00,-2.000000000000000042e-02,8.710000000000000853e+00,9.647000000000000020e-01,-1.030000000000000013e-02,-2.630000000000000115e-01,1.200000000000000025e-02
5.516400000000000000e+04,4.299999999999999822e+00,-2.000000000000000042e-02,8.710000000000000853e+00,9.647999999999999909e-01,-9.499999999999999764e-03,-2.625000000000000111e-01,1.260000000000000009e-02
5.517000000000000000e+04,4.269999999999999574e+00,8.999999999999999667e-02,8.750000000000000000e+00,9.647999999999999909e-01,-9.499999999999999764e-03,-2.625000000000000111e-01,1.260000000000000009e-02
5.517600000000000000e+04,4.269999999999999574e+00,8.999999999999999667e-02,8.750000000000000000e+00,9.647999999999999909e-01,-9.400000000000000369e-03,-2.624000000000000221e-01,1.280000000000000061e-02
5.519000000000000000e+04,4.269999999999999574e+00,8.999999999999999667e-02,8.750000000000000000e+00,9.647999999999999909e-01,-9.400000000000000369e-03,-2.624000000000000221e-01,1.280000000000000061e-02
5.519600000000000000e+04,4.230000000000000426e+00,-1.000000000000000056e-01,8.710000000000000853e+00,9.647999999999999909e-01,-9.400000000000000369e-03,-2.624000000000000221e-01,1.280000000000000061e-02
5.520400000000000000e+04,4.339999999999999858e+00,-1.400000000000000133e-01,8.710000000000000853e+00,9.647999999999999909e-01,-9.299999999999999239e-03,-2.622999999999999776e-01,1.340000000000000045e-02
5.521100000000000000e+04,4.269999999999999574e+00,-1.000000000000000056e-01,8.750000000000000000e+00,9.647999999999999909e-01,-9.199999999999999845e-03,-2.622999999999999776e-01,1.349999999999999985e-02
5.521800000000000000e+04,4.269999999999999574e+00,-1.000000000000000056e-01,8.710000000000000853e+00,9.647999999999999909e-01,-9.199999999999999845e-03,-2.622999999999999776e-01,1.349999999999999985e-02
5.522400000000000000e+04,4.230000000000000426e+00,-1.000000000000000056e-01,8.750000000000000000e+00,9.647999999999999909e-01,-9.199999999999999845e-03,-2.622999999999999776e-01,1.349999999999999985e-02
5.523100000000000000e+04,4.230000000000000426e+00,-1.000000000000000056e-01,8.750000000000000000e+00,9.648999999999999799e-01,-8.999999999999999320e-03,-2.620999999999999996e-01,1.349999999999999985e-02
5.523900000000000000e+04,4.230000000000000426e+00,-1.000000000000000056e-01,8.750000000000000000e+00,9.648999999999999799e-01,-8.800000000000000530e-03,-2.620000000000000107e-01,1.349999999999999985e-02
5.524500000000000000e+04,4.379999999999999893e+00,-1.400000000000000133e-01,8.710000000000000853e+00,9.649999999999999689e-01,-8.500000000000000611e-03,-2.619000000000000217e-01,1.340000000000000045e-02
5.525100000000000000e+04,4.339999999999999858e+00,-1.799999999999999933e-01,8.679999999999999716e+00,9.649999999999999689e-01,-8.500000000000000611e-03,-2.619000000000000217e-01,1.340000000000000045e-02
5.525900000000000000e+04,4.299999999999999822e+00,-1.400000000000000133e-01,8.640000000000000568e+00,9.649999999999999689e-01,-8.099999999999999561e-03,-2.616999999999999882e-01,1.319999999999999993e-02
5.526600000000000000e+04,4.299999999999999822e+00,-1.400000000000000133e-01,8.640000000000000568e+00,9.650999999999999579e-01,-7.599999999999999985e-03,-2.615000000000000102e-01,1.310000000000000053e-02
5.527400000000000000e+04,4.299999999999999822e+00,-1.400000000000000133e-01,8.640000000000000568e+00,9.650999999999999579e-01,-7.300000000000000065e-03,-2.614000000000000212e-01,1.290000000000000001e-02
5.528000000000000000e+04,4.339999999999999858e+00,-1.000000000000000056e-01,8.599999999999999645e+00,9.653000000000000469e-01,-6.599999999999999964e-03,-2.610000000000000098e-01,1.269999999999999948e-02
5.528800000000000000e+04,4.269999999999999574e+00,-1.000000000000000056e-01,8.640000000000000568e+00,9.653000000000000469e-01,-6.599999999999999964e-03,-2.610000000000000098e-01,1.269999999999999948e-02
5.529400000000000000e+04,4.269999999999999574e+00,-1.000000000000000056e-01,8.640000000000000568e+00,9.654000000000000359e-01,-5.899999999999999863e-03,-2.605000000000000093e-01,1.250000000000000069e-02
5.530000000000000000e+04,4.230000000000000426e+00,2.099999999999999922e-01,8.789999999999999147e+00,9.655000000000000249e-01,-5.400000000000000286e-03,-2.602999999999999758e-01,1.230000000000000017e-02
5.530600000000000000e+04,4.230000000000000426e+00,2.899999999999999800e-01,8.710000000000000853e+00,9.655000000000000249e-01,-5.400000000000000286e-03,-2.602999999999999758e-01,1.230000000000000017e-02
5.531400000000000000e+04,4.299999999999999822e+00,2.899999999999999800e-01,8.710000000000000853e+00,9.656000000000000139e-01,-4.400000000000000265e-03,-2.595999999999999974e-01,1.200000000000000025e-02
5.532000000000000000e+04,4.299999999999999822e+00,2.899999999999999800e-01,8.710000000000000853e+00,9.656000000000000139e-01,-4.400000000000000265e-03,-2.595999999999999974e-01,1.200000000000000025e-02
5.532700000000000000e+04,4.299999999999999822e+00,2.899999999999999800e-01,8.710000000000000853e+00,9.657999999999999918e-01,-3.799999999999999992e-03,-2.590999999999999970e-01,1.179999999999999973e-02
5.533500000000000000e+04,4.150000000000000355e+00,2.099999999999999922e-01,8.710000000000000853e+00,9.657999999999999918e-01,-3.799999999999999992e-03,-2.590999999999999970e-01,1.179999999999999973e-02
5.534300000000000000e+04,4.269999999999999574e+00,2.099999999999999922e-01,8.710000000000000853e+00,9.658999999999999808e-01,-3.200000000000000153e-03,-2.585999999999999965e-01,1.159999999999999920e-02
5.534900000000000000e+04,4.269999999999999574e+00,2.099999999999999922e-01,8.710000000000000853e+00,9.658999999999999808e-01,-3.200000000000000153e-03,-2.585999999999999965e-01,1.159999999999999920e-02
5.535500000000000000e+04,4.269999999999999574e+00,2.099999999999999922e-01,8.710000000000000853e+00,9.659999999999999698e-01,-2.700000000000000143e-03,-2.581999999999999851e-01,1.140000000000000041e-02
5.536300000000000000e+04,4.230000000000000426e+00,2.000000000000000042e-02,8.679999999999999716e+00,9.660999999999999588e-01,-2.599999999999999881e-03,-2.580999999999999961e-01,1.140000000000000041e-02
5.536900000000000000e+04,4.299999999999999822e+00,-2.000000000000000042e-02,8.679999999999999716e+00,9.660999999999999588e-01,-2.299999999999999961e-03,-2.579000000000000181e-01,1.119999999999999989e-02
5.537500000000000000e+04,4.299999999999999822e+00,-2.000000000000000042e-02,8.679999999999999716e+00,9.661999999999999478e-01,-2.099999999999999870e-03,-2.576999999999999846e-01,1.110000000000000049e-02
5.538100000000000000e+04,4.299999999999999822e+00,-2.000000000000000042e-02,8.679999999999999716e+00,9.661999999999999478e-01,-1.600000000000000077e-03,-2.574000000000000177e-01,1.089999999999999997e-02
5.538900000000000000e+04,4.230000000000000426e+00,8.999999999999999667e-02,8.679999999999999716e+00,9.663000000000000478e-01,-1.399999999999999986e-03,-2.572999999999999732e-01,1.080000000000000057e-02
5.539500000000000000e+04,4.230000000000000426e+00,1.700000000000000122e-01,8.679999999999999716e+00,9.664000000000000368e-01,-8.999999999999999754e-04,-2.569000000000000172e-01,1.060000000000000005e-02
5.540200000000000000e+04,4.150000000000000355e+00,2.500000000000000000e-01,8.710000000000000853e+00,9.664000000000000368e-01,-5.999999999999999474e-04,-2.566999999999999837e-01,1.039999999999999952e-02
5.542000000000000000e+04,4.150000000000000355e+00,2.500000000000000000e-01,8.710000000000000853e+00,9.664000000000000368e-01,-5.999999999999999474e-04,-2.566999999999999837e-01,1.039999999999999952e-02
5.542600000000000000e+04,4.230000000000000426e+00,2.899999999999999800e-01,8.750000000000000000e+00,9.664000000000000368e-01,-5.999999999999999474e-04,-2.566999999999999837e-01,1.039999999999999952e-02
5.543300000000000000e+04,4.230000000000000426e+00,2.899999999999999800e-01,8.750000000000000000e+00,9.667000000000000037e-01,5.999999999999999474e-04,-2.559000000000000163e-01,9.900000000000000813e-03
5.543900000000000000e+04,4.190000000000000391e+00,3.200000000000000067e-01,8.710000000000000853e+00,9.667000000000000037e-01,6.999999999999999929e-04,-2.556999999999999829e-01,9.900000000000000813e-03
5.544500000000000000e+04,4.230000000000000426e+00,2.899999999999999800e-01,8.710000000000000853e+00,9.667000000000000037e-01,6.999999999999999929e-04,-2.556999999999999829e-01,9.900000000000000813e-03
5.545200000000000000e+04,4.269999999999999574e+00,2.099999999999999922e-01,8.679999999999999716e+00,9.667999999999999927e-01,1.100000000000000066e-03,-2.554000000000000159e-01,9.799999999999999684e-03
5.545800000000000000e+04,4.269999999999999574e+00,2.099999999999999922e-01,8.679999999999999716e+00,9.667999999999999927e-01,1.100000000000000066e-03,-2.554000000000000159e-01,9.799999999999999684e-03
5.546500000000000000e+04,4.269999999999999574e+00,2.099999999999999922e-01,8.679999999999999716e+00,9.667999999999999927e-01,1.100000000000000066e-03,-2.554000000000000159e-01,9.799999999999999684e-03
5.547100000000000000e+04,4.269999999999999574e+00,2.099999999999999922e-01,8.679999999999999716e+00,9.667999999999999927e-01,1.100000000000000066e-03,-2.554000000000000159e-01,9.799999999999999684e-03
5.547800000000000000e+04,4.269999999999999574e+00,1.300000000000000044e-01,8.679999999999999716e+00,9.668999999999999817e-01,1.500000000000000031e-03,-2.550000000000000044e-01,9.599999999999999159e-03
5.548500000000000000e+04,4.269999999999999574e+00,1.300000000000000044e-01,8.679999999999999716e+00,9.668999999999999817e-01,1.500000000000000031e-03,-2.550000000000000044e-01,9.599999999999999159e-03
5.549100000000000000e+04,4.230000000000000426e+00,3.599999999999999867e-01,8.679999999999999716e+00,9.669999999999999707e-01,1.799999999999999951e-03,-2.545999999999999930e-01,9.499999999999999764e-03
5.549700000000000000e+04,4.230000000000000426e+00,3.599999999999999867e-01,8.679999999999999716e+00,9.669999999999999707e-01,1.799999999999999951e-03,-2.545999999999999930e-01,9.499999999999999764e-03
5.550400000000000000e+04,4.150000000000000355e+00,2.099999999999999922e-01,8.710000000000000853e+00,9.669999999999999707e-01,1.799999999999999951e-03,-2.545999999999999930e-01,9.499999999999999764e-03
5.551000000000000000e+04,4.150000000000000355e+00,3.599999999999999867e-01,8.679999999999999716e+00,9.669999999999999707e-01,2.099999999999999870e-03,-2.543000000000000260e-01,9.499999999999999764e-03
5.551800000000000000e+04,4.230000000000000426e+00,2.099999999999999922e-01,8.679999999999999716e+00,9.670999999999999597e-01,2.099999999999999870e-03,-2.543000000000000260e-01,9.499999999999999764e-03
5.552400000000000000e+04,4.230000000000000426e+00,2.099999999999999922e-01,8.679999999999999716e+00,9.670999999999999597e-01,2.099999999999999870e-03,-2.543000000000000260e-01,9.499999999999999764e-03
5.553000000000000000e+04,4.150000000000000355e+00,1.700000000000000122e-01,8.710000000000000853e+00,9.671999999999999487e-01,2.200000000000000133e-03,-2.540000000000000036e-01,9.499999999999999764e-03
5.553600000000000000e+04,4.150000000000000355e+00,1.700000000000000122e-01,8.710000000000000853e+00,9.671999999999999487e-01,2.200000000000000133e-03,-2.540000000000000036e-01,9.499999999999999764e-03
5.554300000000000000e+04,4.150000000000000355e+00,1.700000000000000122e-01,8.710000000000000853e+00,9.671999999999999487e-01,2.299999999999999961e-03,-2.540000000000000036e-01,9.400000000000000369e-03
5.554900000000000000e+04,4.269999999999999574e+00,8.999999999999999667e-02,8.710000000000000853e+00,9.671999999999999487e-01,2.299999999999999961e-03,-2.539000000000000146e-01,9.400000000000000369e-03
5.555700000000000000e+04,4.269999999999999574e+00,1.300000000000000044e-01,8.710000000000000853e+00,9.671999999999999487e-01,2.299999999999999961e-03,-2.539000000000000146e-01,9.400000000000000369e-03
5.556300000000000000e+04,4.230000000000000426e+00,2.099999999999999922e-01,8.640000000000000568e+00,9.671999999999999487e-01,2.500000000000000052e-03,-2.536999999999999811e-01,9.299999999999999239e-03
5.556900000000000000e+04,4.230000000000000426e+00,2.099999999999999922e-01,8.640000000000000568e+00,9.671999999999999487e-01,2.599999999999999881e-03,-2.536999999999999811e-01,9.199999999999999845e-03
5.557600000000000000e+04,4.230000000000000426e+00,2.099999999999999922e-01,8.640000000000000568e+00,9.673000000000000487e-01,2.599999999999999881e-03,-2.535999999999999921e-01,9.199999999999999845e-03
5.558300000000000000e+04,4.230000000000000426e+00,2.099999999999999922e-01,8.640000000000000568e+00,9.673000000000000487e-01,2.799999999999999972e-03,-2.535000000000000031e-01,9.100000000000000450e-03
5.559000000000000000e+04,4.230000000000000426e+00,2.899999999999999800e-01,8.679999999999999716e+00,9.673000000000000487e-01,2.799999999999999972e-03,-2.535000000000000031e-01,9.100000000000000450e-03
5.559800000000000000e+04,4.230000000000000426e+00,2.099999999999999922e-01,8.679999999999999716e+00,9.674000000000000377e-01,3.099999999999999891e-03,-2.530999999999999917e-01,8.999999999999999320e-03
5.560400000000000000e+04,4.269999999999999574e+00,1.700000000000000122e-01,8.679999999999999716e+00,9.674000000000000377e-01,3.200000000000000153e-03,-2.530999999999999917e-01,8.899999999999999925e-03
5.561100000000000000e+04,4.269999999999999574e+00,1.700000000000000122e-01,8.679999999999999716e+00,9.674000000000000377e-01,3.200000000000000153e-03,-2.530999999999999917e-01,8.899999999999999925e-03
5.561800000000000000e+04,4.230000000000000426e+00,1.300000000000000044e-01,8.710000000000000853e+00,9.674000000000000377e-01,3.200000000000000153e-03,-2.530999999999999917e-01,8.899999999999999925e-03
5.562500000000000000e+04,4.230000000000000426e+00,1.300000000000000044e-01,8.710000000000000853e+00,9.674000000000000377e-01,3.200000000000000153e-03,-2.530999999999999917e-01,8.899999999999999925e-03
5.563900000000000000e+04,4.230000000000000426e+00,2.099999999999999922e-01,8.710000000000000853e+00,9.674000000000000377e-01,3.200000000000000153e-03,-2.530999999999999917e-01,8.899999999999999925e-03
5.564500000000000000e+04,4.230000000000000426e+00,2.099999999999999922e-01,8.710000000000000853e+00,9.677000000000000046e-01,4.300000000000000003e-03,-2.520000000000000018e-01,8.500000000000000611e-03
5.565200000000000000e+04,4.150000000000000355e+00,2.500000000000000000e-01,8.710000000000000853e+00,9.677999999999999936e-01,4.499999999999999660e-03,-2.516999999999999793e-01,8.399999999999999481e-03
5.565800000000000000e+04,4.150000000000000355e+00,3.200000000000000067e-01,8.679999999999999716e+00,9.677999999999999936e-01,4.499999999999999660e-03,-2.516999999999999793e-01,8.399999999999999481e-03
5.566400000000000000e+04,4.150000000000000355e+00,3.200000000000000067e-01,8.679999999999999716e+00,9.677999999999999936e-01,4.799999999999999580e-03,-2.515000000000000013e-01,8.200000000000000691e-03
5.567000000000000000e+04,4.150000000000000355e+00,3.200000000000000067e-01,8.679999999999999716e+00,9.678999999999999826e-01,5.000000000000000104e-03,-2.511999999999999789e-01,8.099999999999999561e-03
5.567700000000000000e+04,4.190000000000000391e+00,2.899999999999999800e-01,8.710000000000000853e+00,9.678999999999999826e-01,5.100000000000000366e-03,-2.511999999999999789e-01,8.099999999999999561e-03
5.568300000000000000e+04,4.190000000000000391e+00,2.899999999999999800e-01,8.710000000000000853e+00,9.678999999999999826e-01,5.199999999999999761e-03,-2.510000000000000009e-01,8.099999999999999561e-03
5.568900000000000000e+04,4.190000000000000391e+00,2.899999999999999800e-01,8.710000000000000853e+00,9.678999999999999826e-01,5.199999999999999761e-03,-2.510000000000000009e-01,8.099999999999999561e-03
5.569600000000000000e+04,4.190000000000000391e+00,2.899999999999999800e-01,8.710000000000000853e+00,9.678999999999999826e-01,5.199999999999999761e-03,-2.510000000000000009e-01,8.099999999999999561e-03
5.570300000000000000e+04,4.150000000000000355e+00,3.200000000000000067e-01,8.750000000000000000e+00,9.679999999999999716e-01,5.400000000000000286e-03,-2.508000000000000229e-01,7.900000000000000772e-03
5.570900000000000000e+04,4.230000000000000426e+00,3.599999999999999867e-01,8.679999999999999716e+00,9.679999999999999716e-01,5.499999999999999681e-03,-2.506999999999999784e-01,7.900000000000000772e-03
5.571500000000000000e+04,4.230000000000000426e+00,3.599999999999999867e-01,8.679999999999999716e+00,9.679999999999999716e-01,5.599999999999999943e-03,-2.506999999999999784e-01,7.900000000000000772e-03
5.572300000000000000e+04,4.110000000000000320e+00,3.599999999999999867e-01,8.710000000000000853e+00,9.679999999999999716e-01,5.599999999999999943e-03,-2.505999999999999894e-01,7.900000000000000772e-03
