5.466600000000000000e+04,4.339999999999999858e+00,8.199999999999999512e-01,8.910000000000000142e+00,8.661999999999999700e-01,1.456000000000000072e-01,-1.859000000000000097e-01,4.404000000000000137e-01
5.467200000000000000e+04,4.419999999999999929e+00,8.199999999999999512e-01,8.910000000000000142e+00,8.660999999999999810e-01,1.456000000000000072e-01,-1.860999999999999877e-01,4.404000000000000137e-01
5.467900000000000000e+04,4.379999999999999893e+00,7.800000000000000266e-01,8.869999999999999218e+00,8.660999999999999810e-01,1.454999999999999905e-01,-1.862000000000000044e-01,4.404000000000000137e-01
5.468700000000000000e+04,4.379999999999999893e+00,7.800000000000000266e-01,8.910000000000000142e+00,8.660999999999999810e-01,1.454000000000000015e-01,-1.862999999999999934e-01,4.404000000000000137e-01
5.469300000000000000e+04,4.379999999999999893e+00,7.800000000000000266e-01,8.910000000000000142e+00,8.660999999999999810e-01,1.454000000000000015e-01,-1.862999999999999934e-01,4.404000000000000137e-01
5.469900000000000000e+04,4.379999999999999893e+00,7.800000000000000266e-01,8.910000000000000142e+00,8.660999999999999810e-01,1.454000000000000015e-01,-1.862999999999999934e-01,4.404000000000000137e-01
5.470500000000000000e+04,4.379999999999999893e+00,9.399999999999999467e-01,8.830000000000000071e+00,8.660999999999999810e-01,1.454000000000000015e-01,-1.862999999999999934e-01,4.404000000000000137e-01
5.471200000000000000e+04,4.419999999999999929e+00,9.399999999999999467e-01,8.869999999999999218e+00,8.660999999999999810e-01,1.453000000000000125e-01,-1.865999999999999881e-01,4.403000000000000247e-01
5.471900000000000000e+04,4.419999999999999929e+00,9.399999999999999467e-01,8.869999999999999218e+00,8.660999999999999810e-01,1.453000000000000125e-01,-1.867999999999999938e-01,4.403000000000000247e-01
5.472500000000000000e+04,4.419999999999999929e+00,8.199999999999999512e-01,8.869999999999999218e+00,8.660999999999999810e-01,1.451999999999999957e-01,-1.869000000000000106e-01,4.403000000000000247e-01
5.473100000000000000e+04,4.379999999999999893e+00,7.399999999999999911e-01,8.910000000000000142e+00,8.660999999999999810e-01,1.451999999999999957e-01,-1.869000000000000106e-01,4.403000000000000247e-01
5.473700000000000000e+04,4.379999999999999893e+00,8.199999999999999512e-01,8.869999999999999218e+00,8.660999999999999810e-01,1.451000000000000068e-01,-1.870999999999999885e-01,4.401999999999999802e-01
5.474300000000000000e+04,4.379999999999999893e+00,8.599999999999999867e-01,8.830000000000000071e+00,8.660999999999999810e-01,1.451000000000000068e-01,-1.872000000000000053e-01,4.401999999999999802e-01
5.475700000000000000e+04,4.379999999999999893e+00,8.599999999999999867e-01,8.830000000000000071e+00,8.660999999999999810e-01,1.451000000000000068e-01,-1.872000000000000053e-01,4.401999999999999802e-01
5.476400000000000000e+04,4.379999999999999893e+00,8.199999999999999512e-01,8.869999999999999218e+00,8.660999999999999810e-01,1.449000000000000010e-01,-1.877000000000000057e-01,4.400999999999999912e-01
5.477000000000000000e+04,4.379999999999999893e+00,8.199999999999999512e-01,8.869999999999999218e+00,8.660999999999999810e-01,1.449000000000000010e-01,-1.877000000000000057e-01,4.400999999999999912e-01
5.477600000000000000e+04,4.419999999999999929e+00,7.399999999999999911e-01,8.910000000000000142e+00,8.660999999999999810e-01,1.448000000000000120e-01,-1.879000000000000115e-01,4.400000000000000022e-01
5.478200000000000000e+04,4.419999999999999929e+00,7.399999999999999911e-01,8.910000000000000142e+00,8.660999999999999810e-01,1.448000000000000120e-01,-1.879000000000000115e-01,4.400000000000000022e-01
5.478900000000000000e+04,4.459999999999999964e+00,8.199999999999999512e-01,8.910000000000000142e+00,8.660999999999999810e-01,1.448000000000000120e-01,-1.880000000000000004e-01,4.399000000000000132e-01
5.479600000000000000e+04,4.500000000000000000e+00,7.399999999999999911e-01,8.910000000000000142e+00,8.660999999999999810e-01,1.448000000000000120e-01,-1.880999999999999894e-01,4.399000000000000132e-01
5.480200000000000000e+04,4.500000000000000000e+00,7.399999999999999911e-01,8.910000000000000142e+00,8.660999999999999810e-01,1.446999999999999953e-01,-1.880999999999999894e-01,4.399000000000000132e-01
5.480900000000000000e+04,4.299999999999999822e+00,7.800000000000000266e-01,8.949999999999999289e+00,8.660999999999999810e-01,1.446999999999999953e-01,-1.880999999999999894e-01,4.399000000000000132e-01
5.481600000000000000e+04,4.540000000000000036e+00,8.199999999999999512e-01,8.789999999999999147e+00,8.660999999999999810e-01,1.446999999999999953e-01,-1.880999999999999894e-01,4.399000000000000132e-01
5.482200000000000000e+04,4.540000000000000036e+00,8.199999999999999512e-01,8.789999999999999147e+00,8.660999999999999810e-01,1.446000000000000063e-01,-1.884000000000000119e-01,4.398000000000000242e-01
5.482900000000000000e+04,4.500000000000000000e+00,7.099999999999999645e-01,8.869999999999999218e+00,8.660999999999999810e-01,1.446000000000000063e-01,-1.884000000000000119e-01,4.398000000000000242e-01
5.483600000000000000e+04,4.190000000000000391e+00,8.199999999999999512e-01,8.910000000000000142e+00,8.661999999999999700e-01,1.444999999999999896e-01,-1.884000000000000119e-01,4.396999999999999797e-01
5.484500000000000000e+04,4.269999999999999574e+00,8.199999999999999512e-01,8.869999999999999218e+00,8.661999999999999700e-01,1.444999999999999896e-01,-1.885000000000000009e-01,4.395999999999999908e-01
5.485100000000000000e+04,4.500000000000000000e+00,9.399999999999999467e-01,8.830000000000000071e+00,8.661999999999999700e-01,1.444999999999999896e-01,-1.885000000000000009e-01,4.395999999999999908e-01
5.485700000000000000e+04,4.500000000000000000e+00,9.399999999999999467e-01,8.830000000000000071e+00,8.661999999999999700e-01,1.444999999999999896e-01,-1.887000000000000066e-01,4.395999999999999908e-01
5.486400000000000000e+04,4.500000000000000000e+00,8.199999999999999512e-01,8.869999999999999218e+00,8.660999999999999810e-01,1.444000000000000006e-01,-1.890000000000000013e-01,4.395999999999999908e-01
5.487000000000000000e+04,4.379999999999999893e+00,7.099999999999999645e-01,8.910000000000000142e+00,8.660999999999999810e-01,1.444000000000000006e-01,-1.890000000000000013e-01,4.395999999999999908e-01
5.487700000000000000e+04,4.339999999999999858e+00,8.199999999999999512e-01,8.910000000000000142e+00,8.660999999999999810e-01,1.443000000000000116e-01,-1.890999999999999903e-01,4.395999999999999908e-01
5.488400000000000000e+04,4.459999999999999964e+00,9.399999999999999467e-01,8.830000000000000071e+00,8.660999999999999810e-01,1.441999999999999948e-01,-1.894000000000000128e-01,4.395999999999999908e-01
5.489000000000000000e+04,4.459999999999999964e+00,9.399999999999999467e-01,8.830000000000000071e+00,8.660999999999999810e-01,1.439999999999999891e-01,-1.895000000000000018e-01,4.395999999999999908e-01
5.489600000000000000e+04,4.459999999999999964e+00,9.399999999999999467e-01,8.830000000000000071e+00,8.659999999999999920e-01,1.439999999999999891e-01,-1.895999999999999908e-01,4.395999999999999908e-01
5.490200000000000000e+04,4.500000000000000000e+00,8.199999999999999512e-01,8.830000000000000071e+00,8.659999999999999920e-01,1.439999999999999891e-01,-1.895999999999999908e-01,4.395999999999999908e-01
5.490800000000000000e+04,4.570000000000000284e+00,7.399999999999999911e-01,8.789999999999999147e+00,8.659999999999999920e-01,1.436999999999999944e-01,-1.900000000000000022e-01,4.396999999999999797e-01
5.491400000000000000e+04,4.500000000000000000e+00,7.399999999999999911e-01,8.750000000000000000e+00,8.659999999999999920e-01,1.436999999999999944e-01,-1.900000000000000022e-01,4.396999999999999797e-01
5.492100000000000000e+04,4.500000000000000000e+00,7.399999999999999911e-01,8.750000000000000000e+00,8.659999999999999920e-01,1.436999999999999944e-01,-1.900000000000000022e-01,4.396999999999999797e-01
5.492700000000000000e+04,4.500000000000000000e+00,7.399999999999999911e-01,8.750000000000000000e+00,8.659999999999999920e-01,1.436999999999999944e-01,-1.900000000000000022e-01,4.396999999999999797e-01
5.493400000000000000e+04,4.459999999999999964e+00,6.700000000000000400e-01,8.869999999999999218e+00,8.658000000000000140e-01,1.431999999999999940e-01,-1.905999999999999917e-01,4.398000000000000242e-01
5.494100000000000000e+04,4.540000000000000036e+00,5.899999999999999689e-01,8.949999999999999289e+00,8.658000000000000140e-01,1.431999999999999940e-01,-1.905999999999999917e-01,4.399000000000000132e-01
5.494800000000000000e+04,4.540000000000000036e+00,5.899999999999999689e-01,8.949999999999999289e+00,8.658000000000000140e-01,1.431000000000000050e-01,-1.907000000000000084e-01,4.399000000000000132e-01
5.495400000000000000e+04,4.540000000000000036e+00,5.899999999999999689e-01,8.949999999999999289e+00,8.658000000000000140e-01,1.428999999999999992e-01,-1.907999999999999974e-01,4.399000000000000132e-01
5.496100000000000000e+04,4.419999999999999929e+00,8.199999999999999512e-01,8.830000000000000071e+00,8.658000000000000140e-01,1.428999999999999992e-01,-1.908999999999999864e-01,4.400000000000000022e-01
5.498000000000000000e+04,4.419999999999999929e+00,8.199999999999999512e-01,8.830000000000000071e+00,8.658000000000000140e-01,1.428999999999999992e-01,-1.908999999999999864e-01,4.400000000000000022e-01
5.498600000000000000e+04,4.419999999999999929e+00,8.199999999999999512e-01,8.830000000000000071e+00,8.657000000000000250e-01,1.424999999999999878e-01,-1.912999999999999978e-01,4.401999999999999802e-01
5.499200000000000000e+04,4.419999999999999929e+00,9.699999999999999734e-01,8.869999999999999218e+00,8.656000000000000361e-01,1.421999999999999931e-01,-1.915000000000000036e-01,4.401999999999999802e-01
5.499900000000000000e+04,4.459999999999999964e+00,9.000000000000000222e-01,8.789999999999999147e+00,8.656000000000000361e-01,1.419999999999999873e-01,-1.917999999999999983e-01,4.401999999999999802e-01
5.500500000000000000e+04,4.339999999999999858e+00,4.799999999999999822e-01,9.019999999999999574e+00,8.656000000000000361e-01,1.419999999999999873e-01,-1.917999999999999983e-01,4.401999999999999802e-01
5.501100000000000000e+04,4.339999999999999858e+00,4.799999999999999822e-01,9.019999999999999574e+00,8.655000000000000471e-01,1.416999999999999926e-01,-1.922999999999999987e-01,4.403000000000000247e-01
5.501700000000000000e+04,4.150000000000000355e+00,4.799999999999999822e-01,8.869999999999999218e+00,8.655000000000000471e-01,1.416999999999999926e-01,-1.922999999999999987e-01,4.403000000000000247e-01
5.502400000000000000e+04,4.570000000000000284e+00,7.399999999999999911e-01,8.830000000000000071e+00,8.653999999999999471e-01,1.411999999999999922e-01,-1.928999999999999881e-01,4.403000000000000247e-01
5.503100000000000000e+04,4.730000000000000426e+00,6.300000000000000044e-01,8.869999999999999218e+00,8.653999999999999471e-01,1.411999999999999922e-01,-1.928999999999999881e-01,4.403000000000000247e-01
5.503800000000000000e+04,4.610000000000000320e+00,6.300000000000000044e-01,8.869999999999999218e+00,8.653999999999999471e-01,1.408999999999999975e-01,-1.935999999999999943e-01,4.401999999999999802e-01
5.504500000000000000e+04,4.610000000000000320e+00,6.300000000000000044e-01,8.869999999999999218e+00,8.653999999999999471e-01,1.406999999999999917e-01,-1.938000000000000000e-01,4.401999999999999802e-01
5.505200000000000000e+04,4.419999999999999929e+00,7.399999999999999911e-01,8.949999999999999289e+00,8.653999999999999471e-01,1.403999999999999970e-01,-1.940999999999999948e-01,4.401999999999999802e-01
5.505800000000000000e+04,4.419999999999999929e+00,7.399999999999999911e-01,8.949999999999999289e+00,8.653999999999999471e-01,1.403999999999999970e-01,-1.940999999999999948e-01,4.401999999999999802e-01
5.506500000000000000e+04,4.299999999999999822e+00,6.300000000000000044e-01,8.830000000000000071e+00,8.653999999999999471e-01,1.401999999999999913e-01,-1.945000000000000062e-01,4.400999999999999912e-01
5.507300000000000000e+04,4.419999999999999929e+00,6.700000000000000400e-01,8.830000000000000071e+00,8.653999999999999471e-01,1.400000000000000133e-01,-1.948999999999999899e-01,4.400000000000000022e-01
5.507900000000000000e+04,4.419999999999999929e+00,6.700000000000000400e-01,8.830000000000000071e+00,8.653999999999999471e-01,1.400000000000000133e-01,-1.948999999999999899e-01,4.400000000000000022e-01
5.508500000000000000e+04,4.419999999999999929e+00,6.700000000000000400e-01,8.830000000000000071e+00,8.653999999999999471e-01,1.400000000000000133e-01,-1.948999999999999899e-01,4.400000000000000022e-01
5.509200000000000000e+04,4.570000000000000284e+00,5.200000000000000178e-01,8.869999999999999218e+00,8.652999999999999581e-01,1.396000000000000019e-01,-1.957000000000000128e-01,4.399000000000000132e-01
5.509800000000000000e+04,4.500000000000000000e+00,4.799999999999999822e-01,8.869999999999999218e+00,8.652999999999999581e-01,1.395000000000000129e-01,-1.958999999999999908e-01,4.398000000000000242e-01
5.510600000000000000e+04,4.339999999999999858e+00,4.000000000000000222e-01,8.869999999999999218e+00,8.653999999999999471e-01,1.395000000000000129e-01,-1.960000000000000075e-01,4.396999999999999797e-01
5.511300000000000000e+04,4.379999999999999893e+00,5.200000000000000178e-01,8.869999999999999218e+00,8.653999999999999471e-01,1.393999999999999961e-01,-1.960000000000000075e-01,4.395999999999999908e-01
5.512000000000000000e+04,4.379999999999999893e+00,5.200000000000000178e-01,8.869999999999999218e+00,8.655000000000000471e-01,1.393999999999999961e-01,-1.960000000000000075e-01,4.394000000000000128e-01
5.512700000000000000e+04,4.459999999999999964e+00,8.999999999999999667e-02,8.869999999999999218e+00,8.656000000000000361e-01,1.395000000000000129e-01,-1.958999999999999908e-01,4.391999999999999793e-01
5.513300000000000000e+04,4.459999999999999964e+00,8.999999999999999667e-02,8.869999999999999218e+00,8.656000000000000361e-01,1.395000000000000129e-01,-1.958999999999999908e-01,4.391999999999999793e-01
5.514100000000000000e+04,4.500000000000000000e+00,5.899999999999999689e-01,8.830000000000000071e+00,8.658000000000000140e-01,1.396999999999999909e-01,-1.953999999999999904e-01,4.389000000000000123e-01
5.514800000000000000e+04,4.459999999999999964e+00,6.300000000000000044e-01,8.750000000000000000e+00,8.659000000000000030e-01,1.398999999999999966e-01,-1.952000000000000124e-01,4.388000000000000234e-01
5.515500000000000000e+04,4.500000000000000000e+00,5.500000000000000444e-01,8.830000000000000071e+00,8.660999999999999810e-01,1.401999999999999913e-01,-1.948000000000000009e-01,4.385000000000000009e-01
5.516100000000000000e+04,4.500000000000000000e+00,7.099999999999999645e-01,8.830000000000000071e+00,8.661999999999999700e-01,1.403999999999999970e-01,-1.945999999999999952e-01,4.383000000000000229e-01
5.516800000000000000e+04,4.500000000000000000e+00,8.599999999999999867e-01,8.750000000000000000e+00,8.662999999999999590e-01,1.406000000000000028e-01,-1.943999999999999895e-01,4.380999999999999894e-01
5.517400000000000000e+04,4.500000000000000000e+00,8.599999999999999867e-01,8.750000000000000000e+00,8.662999999999999590e-01,1.406000000000000028e-01,-1.943999999999999895e-01,4.380999999999999894e-01
5.518000000000000000e+04,4.769999999999999574e+00,8.599999999999999867e-01,8.710000000000000853e+00,8.668000000000000149e-01,1.411000000000000032e-01,-1.935000000000000053e-01,4.375000000000000000e-01
5.518700000000000000e+04,4.540000000000000036e+00,7.800000000000000266e-01,8.710000000000000853e+00,8.669000000000000039e-01,1.411000000000000032e-01,-1.932000000000000106e-01,4.374000000000000110e-01
5.520000000000000000e+04,4.540000000000000036e+00,7.800000000000000266e-01,8.710000000000000853e+00,8.669000000000000039e-01,1.411000000000000032e-01,-1.932000000000000106e-01,4.374000000000000110e-01
5.520600000000000000e+04,4.540000000000000036e+00,7.800000000000000266e-01,8.710000000000000853e+00,8.669000000000000039e-01,1.411000000000000032e-01,-1.932000000000000106e-01,4.374000000000000110e-01
5.521200000000000000e+04,4.339999999999999858e+00,5.500000000000000444e-01,8.789999999999999147e+00,8.677000000000000268e-01,1.413999999999999979e-01,-1.912999999999999978e-01,4.364999999999999991e-01
5.521800000000000000e+04,4.339999999999999858e+00,5.500000000000000444e-01,8.789999999999999147e+00,8.679000000000000048e-01,1.414999999999999869e-01,-1.907999999999999974e-01,4.363000000000000211e-01
5.522500000000000000e+04,4.610000000000000320e+00,4.799999999999999822e-01,8.789999999999999147e+00,8.680999999999999828e-01,1.416999999999999926e-01,-1.902000000000000079e-01,4.359999999999999987e-01
5.523100000000000000e+04,4.610000000000000320e+00,4.799999999999999822e-01,8.789999999999999147e+00,8.680999999999999828e-01,1.416999999999999926e-01,-1.902000000000000079e-01,4.359999999999999987e-01
5.523800000000000000e+04,4.540000000000000036e+00,8.599999999999999867e-01,8.640000000000000568e+00,8.689999999999999947e-01,1.421999999999999931e-01,-1.880999999999999894e-01,4.349000000000000088e-01
5.524400000000000000e+04,4.570000000000000284e+00,-2.000000000000000042e-02,8.830000000000000071e+00,8.692999999999999616e-01,1.423000000000000098e-01,-1.874000000000000110e-01,4.345999999999999863e-01
5.525000000000000000e+04,5.070000000000000284e+00,7.800000000000000266e-01,8.750000000000000000e+00,8.692999999999999616e-01,1.423000000000000098e-01,-1.874000000000000110e-01,4.345999999999999863e-01
5.525700000000000000e+04,5.070000000000000284e+00,7.800000000000000266e-01,8.750000000000000000e+00,8.701999999999999735e-01,1.426000000000000045e-01,-1.852000000000000035e-01,4.338000000000000189e-01
5.526400000000000000e+04,3.839999999999999858e+00,1.360000000000000098e+00,8.789999999999999147e+00,8.701999999999999735e-01,1.426000000000000045e-01,-1.852000000000000035e-01,4.338000000000000189e-01
5.527000000000000000e+04,3.580000000000000071e+00,3.850000000000000089e+00,9.099999999999999645e+00,8.707000000000000295e-01,1.428000000000000103e-01,-1.839000000000000079e-01,4.330999999999999850e-01
5.527600000000000000e+04,3.580000000000000071e+00,3.850000000000000089e+00,9.099999999999999645e+00,8.710999999999999854e-01,1.428000000000000103e-01,-1.834000000000000075e-01,4.325999999999999845e-01
5.528300000000000000e+04,4.919999999999999929e+00,8.999999999999999667e-02,8.949999999999999289e+00,8.710999999999999854e-01,1.428000000000000103e-01,-1.834000000000000075e-01,4.325999999999999845e-01
5.529000000000000000e+04,4.690000000000000391e+00,1.280000000000000027e+00,9.099999999999999645e+00,8.719000000000000083e-01,1.426000000000000045e-01,-1.824999999999999956e-01,4.314999999999999947e-01
5.529600000000000000e+04,4.690000000000000391e+00,1.280000000000000027e+00,9.099999999999999645e+00,8.720999999999999863e-01,1.424999999999999878e-01,-1.822999999999999898e-01,4.313000000000000167e-01
5.530200000000000000e+04,4.690000000000000391e+00,1.280000000000000027e+00,9.099999999999999645e+00,8.720999999999999863e-01,1.424999999999999878e-01,-1.822999999999999898e-01,4.313000000000000167e-01
5.530900000000000000e+04,4.500000000000000000e+00,9.000000000000000222e-01,8.910000000000000142e+00,8.723999999999999533e-01,1.419999999999999873e-01,-1.814999999999999947e-01,4.309999999999999942e-01
5.531500000000000000e+04,4.500000000000000000e+00,9.000000000000000222e-01,8.910000000000000142e+00,8.725000000000000533e-01,1.418999999999999984e-01,-1.812000000000000000e-01,4.309999999999999942e-01
5.532100000000000000e+04,4.269999999999999574e+00,2.000000000000000042e-02,9.140000000000000568e+00,8.725000000000000533e-01,1.418999999999999984e-01,-1.812000000000000000e-01,4.309999999999999942e-01
5.532800000000000000e+04,4.570000000000000284e+00,6.700000000000000400e-01,8.910000000000000142e+00,8.727000000000000313e-01,1.418000000000000094e-01,-1.804999999999999938e-01,4.309000000000000052e-01
5.533400000000000000e+04,4.799999999999999822e+00,-5.999999999999999778e-02,9.060000000000000497e+00,8.727000000000000313e-01,1.418000000000000094e-01,-1.804999999999999938e-01,4.309000000000000052e-01
5.534100000000000000e+04,4.799999999999999822e+00,-5.999999999999999778e-02,9.060000000000000497e+00,8.729999999999999982e-01,1.419999999999999873e-01,-1.791999999999999982e-01,4.308000000000000163e-01
5.534700000000000000e+04,4.070000000000000284e+00,3.599999999999999867e-01,8.980000000000000426e+00,8.732999999999999652e-01,1.423000000000000098e-01,-1.779999999999999916e-01,4.307000000000000273e-01
5.535400000000000000e+04,4.070000000000000284e+00,3.599999999999999867e-01,8.980000000000000426e+00,8.732999999999999652e-01,1.423000000000000098e-01,-1.779999999999999916e-01,4.307000000000000273e-01
5.536100000000000000e+04,4.230000000000000426e+00,4.799999999999999822e-01,9.019999999999999574e+00,8.732999999999999652e-01,1.423000000000000098e-01,-1.779999999999999916e-01,4.307000000000000273e-01
5.536700000000000000e+04,4.299999999999999822e+00,6.700000000000000400e-01,8.980000000000000426e+00,8.738000000000000211e-01,1.438000000000000111e-01,-1.751000000000000056e-01,4.303000000000000158e-01
5.537300000000000000e+04,4.150000000000000355e+00,6.700000000000000400e-01,9.019999999999999574e+00,8.738000000000000211e-01,1.438000000000000111e-01,-1.751000000000000056e-01,4.303000000000000158e-01
5.538000000000000000e+04,4.000000000000000000e+00,1.090000000000000080e+00,8.980000000000000426e+00,8.739999999999999991e-01,1.446999999999999953e-01,-1.736000000000000043e-01,4.300999999999999823e-01
5.538700000000000000e+04,4.040000000000000036e+00,1.199999999999999956e+00,9.019999999999999574e+00,8.741999999999999771e-01,1.458000000000000129e-01,-1.721000000000000030e-01,4.299999999999999933e-01
5.539300000000000000e+04,4.040000000000000036e+00,1.199999999999999956e+00,9.019999999999999574e+00,8.742999999999999661e-01,1.461999999999999966e-01,-1.713999999999999968e-01,4.299000000000000044e-01
5.539900000000000000e+04,4.070000000000000284e+00,1.280000000000000027e+00,8.980000000000000426e+00,8.743999999999999551e-01,1.466999999999999971e-01,-1.708000000000000074e-01,4.299000000000000044e-01
5.541300000000000000e+04,4.070000000000000284e+00,1.280000000000000027e+00,8.980000000000000426e+00,8.743999999999999551e-01,1.466999999999999971e-01,-1.708000000000000074e-01,4.299000000000000044e-01
5.541900000000000000e+04,4.070000000000000284e+00,1.280000000000000027e+00,8.980000000000000426e+00,8.743999999999999551e-01,1.466999999999999971e-01,-1.708000000000000074e-01,4.299000000000000044e-01
5.542500000000000000e+04,4.070000000000000284e+00,1.429999999999999938e+00,9.019999999999999574e+00,8.746000000000000441e-01,1.491000000000000103e-01,-1.671999999999999875e-01,4.299000000000000044e-01
5.543100000000000000e+04,4.040000000000000036e+00,1.280000000000000027e+00,8.910000000000000142e+00,8.746000000000000441e-01,1.494999999999999940e-01,-1.666999999999999871e-01,4.299999999999999933e-01
5.543800000000000000e+04,4.040000000000000036e+00,1.280000000000000027e+00,8.910000000000000142e+00,8.746000000000000441e-01,1.496999999999999997e-01,-1.663000000000000034e-01,4.300999999999999823e-01
5.544500000000000000e+04,3.919999999999999929e+00,1.159999999999999920e+00,9.019999999999999574e+00,8.746000000000000441e-01,1.501000000000000112e-01,-1.658999999999999919e-01,4.300999999999999823e-01
5.545100000000000000e+04,3.919999999999999929e+00,1.159999999999999920e+00,9.019999999999999574e+00,8.746000000000000441e-01,1.501000000000000112e-01,-1.658999999999999919e-01,4.300999999999999823e-01
5.545800000000000000e+04,4.110000000000000320e+00,1.239999999999999991e+00,8.949999999999999289e+00,8.745000000000000551e-01,1.509000000000000064e-01,-1.648999999999999910e-01,4.304000000000000048e-01
5.546500000000000000e+04,4.110000000000000320e+00,1.239999999999999991e+00,8.949999999999999289e+00,8.745000000000000551e-01,1.512000000000000011e-01,-1.645999999999999963e-01,4.304000000000000048e-01
5.547100000000000000e+04,4.110000000000000320e+00,1.239999999999999991e+00,8.949999999999999289e+00,8.745000000000000551e-01,1.512000000000000011e-01,-1.645999999999999963e-01,4.304000000000000048e-01
5.547800000000000000e+04,4.110000000000000320e+00,1.239999999999999991e+00,8.949999999999999289e+00,8.745000000000000551e-01,1.512000000000000011e-01,-1.645999999999999963e-01,4.304000000000000048e-01
5.548500000000000000e+04,4.110000000000000320e+00,1.239999999999999991e+00,8.949999999999999289e+00,8.742999999999999661e-01,1.522999999999999909e-01,-1.637000000000000122e-01,4.308000000000000163e-01
5.549300000000000000e+04,4.110000000000000320e+00,1.280000000000000027e+00,8.980000000000000426e+00,8.740999999999999881e-01,1.527999999999999914e-01,-1.632000000000000117e-01,4.312000000000000277e-01
5.549900000000000000e+04,4.110000000000000320e+00,1.280000000000000027e+00,8.980000000000000426e+00,8.740999999999999881e-01,1.529999999999999971e-01,-1.630000000000000060e-01,4.313000000000000167e-01
5.550500000000000000e+04,4.150000000000000355e+00,1.280000000000000027e+00,8.869999999999999218e+00,8.739999999999999991e-01,1.532000000000000028e-01,-1.628000000000000003e-01,4.314999999999999947e-01
5.551200000000000000e+04,4.000000000000000000e+00,1.129999999999999893e+00,8.980000000000000426e+00,8.739000000000000101e-01,1.534000000000000086e-01,-1.625999999999999945e-01,4.315999999999999837e-01
5.551800000000000000e+04,4.000000000000000000e+00,1.129999999999999893e+00,8.980000000000000426e+00,8.739000000000000101e-01,1.534000000000000086e-01,-1.625999999999999945e-01,4.315999999999999837e-01
5.552600000000000000e+04,4.070000000000000284e+00,1.280000000000000027e+00,8.949999999999999289e+00,8.737000000000000322e-01,1.540999999999999870e-01,-1.618999999999999884e-01,4.320999999999999841e-01
5.553200000000000000e+04,4.070000000000000284e+00,1.239999999999999991e+00,8.949999999999999289e+00,8.736000000000000432e-01,1.545999999999999874e-01,-1.613999999999999879e-01,4.323000000000000176e-01
5.553800000000000000e+04,4.070000000000000284e+00,1.239999999999999991e+00,8.949999999999999289e+00,8.736000000000000432e-01,1.545999999999999874e-01,-1.613999999999999879e-01,4.323000000000000176e-01
5.554400000000000000e+04,4.070000000000000284e+00,1.239999999999999991e+00,8.949999999999999289e+00,8.736000000000000432e-01,1.545999999999999874e-01,-1.613999999999999879e-01,4.323000000000000176e-01
5.555100000000000000e+04,4.150000000000000355e+00,1.159999999999999920e+00,8.949999999999999289e+00,8.733999999999999542e-01,1.555999999999999883e-01,-1.602000000000000091e-01,4.329000000000000070e-01
5.555800000000000000e+04,4.110000000000000320e+00,1.469999999999999973e+00,8.910000000000000142e+00,8.732999999999999652e-01,1.559000000000000108e-01,-1.598999999999999866e-01,4.329999999999999960e-01
5.556500000000000000e+04,4.040000000000000036e+00,1.389999999999999902e+00,8.949999999999999289e+00,8.731999999999999762e-01,1.564000000000000112e-01,-1.590999999999999914e-01,4.334000000000000075e-01
5.557200000000000000e+04,4.110000000000000320e+00,1.360000000000000098e+00,8.910000000000000142e+00,8.730999999999999872e-01,1.565999999999999892e-01,-1.587000000000000077e-01,4.335999999999999854e-01
5.558000000000000000e+04,4.110000000000000320e+00,1.159999999999999920e+00,8.980000000000000426e+00,8.729999999999999982e-01,1.569000000000000117e-01,-1.582999999999999963e-01,4.338000000000000189e-01
5.558700000000000000e+04,4.040000000000000036e+00,1.090000000000000080e+00,8.980000000000000426e+00,8.729000000000000092e-01,1.570999999999999897e-01,-1.579000000000000126e-01,4.339999999999999969e-01
5.559400000000000000e+04,3.959999999999999964e+00,1.129999999999999893e+00,8.949999999999999289e+00,8.728000000000000203e-01,1.577999999999999958e-01,-1.570000000000000007e-01,4.344000000000000083e-01
5.560000000000000000e+04,3.959999999999999964e+00,1.129999999999999893e+00,8.949999999999999289e+00,8.728000000000000203e-01,1.577999999999999958e-01,-1.570000000000000007e-01,4.344000000000000083e-01
5.560600000000000000e+04,3.959999999999999964e+00,1.159999999999999920e+00,8.949999999999999289e+00,8.728000000000000203e-01,1.577999999999999958e-01,-1.570000000000000007e-01,4.344000000000000083e-01
5.561200000000000000e+04,4.110000000000000320e+00,1.320000000000000062e+00,8.980000000000000426e+00,8.723999999999999533e-01,1.592999999999999972e-01,-1.550999999999999879e-01,4.353000000000000203e-01
5.561800000000000000e+04,4.070000000000000284e+00,1.239999999999999991e+00,8.980000000000000426e+00,8.723999999999999533e-01,1.592999999999999972e-01,-1.550999999999999879e-01,4.353000000000000203e-01
5.563100000000000000e+04,4.070000000000000284e+00,1.239999999999999991e+00,8.980000000000000426e+00,8.723999999999999533e-01,1.592999999999999972e-01,-1.550999999999999879e-01,4.353000000000000203e-01
5.563700000000000000e+04,4.070000000000000284e+00,1.239999999999999991e+00,8.980000000000000426e+00,8.719000000000000083e-01,1.617000000000000104e-01,-1.522999999999999909e-01,4.364999999999999991e-01
5.564400000000000000e+04,4.070000000000000284e+00,2.279999999999999805e+00,8.980000000000000426e+00,8.718000000000000194e-01,1.622000000000000108e-01,-1.517000000000000015e-01,4.365999999999999881e-01
5.565200000000000000e+04,4.070000000000000284e+00,1.739999999999999991e+00,9.099999999999999645e+00,8.716000000000000414e-01,1.627000000000000113e-01,-1.512000000000000011e-01,4.369000000000000106e-01
5.565800000000000000e+04,4.070000000000000284e+00,1.739999999999999991e+00,9.099999999999999645e+00,8.716000000000000414e-01,1.627000000000000113e-01,-1.512000000000000011e-01,4.369000000000000106e-01
5.566600000000000000e+04,3.839999999999999858e+00,1.860000000000000098e+00,8.789999999999999147e+00,8.716000000000000414e-01,1.627000000000000113e-01,-1.512000000000000011e-01,4.369000000000000106e-01
5.567300000000000000e+04,3.839999999999999858e+00,1.429999999999999938e+00,9.019999999999999574e+00,8.711999999999999744e-01,1.653000000000000025e-01,-1.482999999999999874e-01,4.376999999999999780e-01
5.567900000000000000e+04,3.839999999999999858e+00,1.429999999999999938e+00,9.019999999999999574e+00,8.711999999999999744e-01,1.653000000000000025e-01,-1.482999999999999874e-01,4.376999999999999780e-01
5.568500000000000000e+04,3.649999999999999911e+00,3.580000000000000071e+00,8.640000000000000568e+00,8.709999999999999964e-01,1.668000000000000038e-01,-1.466999999999999971e-01,4.380999999999999894e-01
5.569100000000000000e+04,3.689999999999999947e+00,1.360000000000000098e+00,8.750000000000000000e+00,8.709999999999999964e-01,1.673000000000000043e-01,-1.461999999999999966e-01,4.380999999999999894e-01
5.569700000000000000e+04,3.839999999999999858e+00,6.700000000000000400e-01,9.099999999999999645e+00,8.709999999999999964e-01,1.678000000000000047e-01,-1.458000000000000129e-01,4.380999999999999894e-01
5.570300000000000000e+04,3.919999999999999929e+00,1.860000000000000098e+00,9.019999999999999574e+00,8.709999999999999964e-01,1.683000000000000052e-01,-1.453000000000000125e-01,4.380999999999999894e-01
5.570900000000000000e+04,3.350000000000000089e+00,3.810000000000000053e+00,8.560000000000000497e+00,8.709999999999999964e-01,1.688999999999999946e-01,-1.448000000000000120e-01,4.380000000000000004e-01
5.571500000000000000e+04,3.350000000000000089e+00,3.810000000000000053e+00,8.560000000000000497e+00,8.709000000000000075e-01,1.693999999999999950e-01,-1.443000000000000116e-01,4.380999999999999894e-01
5.572200000000000000e+04,4.150000000000000355e+00,6.300000000000000044e-01,8.789999999999999147e+00,8.709999999999999964e-01,1.705000000000000127e-01,-1.433999999999999997e-01,4.380000000000000004e-01
5.572800000000000000e+04,4.230000000000000426e+00,6.700000000000000400e-01,8.830000000000000071e+00,8.709999999999999964e-01,1.711000000000000021e-01,-1.428000000000000103e-01,4.379000000000000115e-01
5.573400000000000000e+04,4.230000000000000426e+00,6.700000000000000400e-01,8.830000000000000071e+00,8.709999999999999964e-01,1.711000000000000021e-01,-1.428000000000000103e-01,4.379000000000000115e-01
5.574100000000000000e+04,3.540000000000000036e+00,1.629999999999999893e+00,8.830000000000000071e+00,8.709999999999999964e-01,1.721000000000000030e-01,-1.418000000000000094e-01,4.378000000000000225e-01
5.574700000000000000e+04,3.580000000000000071e+00,-1.799999999999999933e-01,9.210000000000000853e+00,8.709999999999999964e-01,1.723999999999999977e-01,-1.413999999999999979e-01,4.376999999999999780e-01
5.575400000000000000e+04,3.580000000000000071e+00,-1.799999999999999933e-01,9.210000000000000853e+00,8.709999999999999964e-01,1.723999999999999977e-01,-1.413999999999999979e-01,4.376999999999999780e-01
5.576100000000000000e+04,3.689999999999999947e+00,1.969999999999999973e+00,8.830000000000000071e+00,8.711999999999999744e-01,1.744999999999999885e-01,-1.396000000000000019e-01,4.370999999999999885e-01
5.576700000000000000e+04,3.959999999999999964e+00,1.590000000000000080e+00,9.019999999999999574e+00,8.712999999999999634e-01,1.749999999999999889e-01,-1.391000000000000014e-01,4.369000000000000106e-01
5.577400000000000000e+04,3.959999999999999964e+00,1.590000000000000080e+00,9.019999999999999574e+00,8.712999999999999634e-01,1.749999999999999889e-01,-1.391000000000000014e-01,4.369000000000000106e-01
5.578000000000000000e+04,3.540000000000000036e+00,1.780000000000000027e+00,8.869999999999999218e+00,8.715000000000000524e-01,1.766999999999999960e-01,-1.376999999999999891e-01,4.363000000000000211e-01
5.578600000000000000e+04,3.919999999999999929e+00,2.319999999999999840e+00,8.679999999999999716e+00,8.715000000000000524e-01,1.773000000000000131e-01,-1.370999999999999996e-01,4.361999999999999766e-01
5.579300000000000000e+04,3.879999999999999893e+00,4.110000000000000320e+00,8.869999999999999218e+00,8.715000000000000524e-01,1.773000000000000131e-01,-1.370999999999999996e-01,4.361999999999999766e-01
5.580000000000000000e+04,3.879999999999999893e+00,4.110000000000000320e+00,8.869999999999999218e+00,8.715000000000000524e-01,1.784000000000000030e-01,-1.363999999999999935e-01,4.359999999999999987e-01
5.580700000000000000e+04,3.649999999999999911e+00,2.700000000000000178e+00,9.169999999999999929e+00,8.715000000000000524e-01,1.784000000000000030e-01,-1.363999999999999935e-01,4.359999999999999987e-01
5.581300000000000000e+04,3.390000000000000124e+00,2.959999999999999964e+00,9.140000000000000568e+00,8.713999999999999524e-01,1.804000000000000048e-01,-1.353999999999999926e-01,4.355999999999999872e-01
5.581900000000000000e+04,3.390000000000000124e+00,2.959999999999999964e+00,9.140000000000000568e+00,8.712999999999999634e-01,1.812000000000000000e-01,-1.351999999999999869e-01,4.354999999999999982e-01
5.582500000000000000e+04,3.390000000000000124e+00,2.959999999999999964e+00,9.140000000000000568e+00,8.712999999999999634e-01,1.812000000000000000e-01,-1.351999999999999869e-01,4.354999999999999982e-01
5.583200000000000000e+04,3.799999999999999822e+00,1.699999999999999956e+00,9.250000000000000000e+00,8.712999999999999634e-01,1.812000000000000000e-01,-1.351999999999999869e-01,4.354999999999999982e-01
5.584800000000000000e+04,3.649999999999999911e+00,1.889999999999999902e+00,9.140000000000000568e+00,8.709000000000000075e-01,1.845999999999999863e-01,-1.348000000000000032e-01,4.349999999999999978e-01
5.585500000000000000e+04,3.689999999999999947e+00,1.739999999999999991e+00,9.250000000000000000e+00,8.709000000000000075e-01,1.845999999999999863e-01,-1.348000000000000032e-01,4.349999999999999978e-01
5.586200000000000000e+04,3.500000000000000000e+00,2.009999999999999787e+00,9.400000000000000355e+00,8.699999999999999956e-01,1.910000000000000031e-01,-1.345999999999999974e-01,4.341999999999999749e-01
5.586900000000000000e+04,3.350000000000000089e+00,1.929999999999999938e+00,9.630000000000000782e+00,8.696000000000000396e-01,1.927999999999999992e-01,-1.348000000000000032e-01,4.340999999999999859e-01
5.587500000000000000e+04,3.350000000000000089e+00,1.929999999999999938e+00,9.630000000000000782e+00,8.691999999999999726e-01,1.943999999999999895e-01,-1.348999999999999921e-01,4.340999999999999859e-01
5.588200000000000000e+04,3.120000000000000107e+00,2.509999999999999787e+00,1.025000000000000000e+01,8.691999999999999726e-01,1.943999999999999895e-01,-1.348999999999999921e-01,4.340999999999999859e-01
5.588900000000000000e+04,2.890000000000000124e+00,2.430000000000000160e+00,1.051999999999999957e+01,8.691999999999999726e-01,1.943999999999999895e-01,-1.348999999999999921e-01,4.340999999999999859e-01
5.589500000000000000e+04,2.890000000000000124e+00,2.430000000000000160e+00,1.051999999999999957e+01,8.660999999999999810e-01,2.046000000000000041e-01,-1.373000000000000054e-01,4.349000000000000088e-01
5.590200000000000000e+04,2.620000000000000107e+00,2.959999999999999964e+00,1.090000000000000036e+01,8.660999999999999810e-01,2.046000000000000041e-01,-1.373000000000000054e-01,4.349000000000000088e-01
5.590800000000000000e+04,2.620000000000000107e+00,2.959999999999999964e+00,1.090000000000000036e+01,8.660999999999999810e-01,2.046000000000000041e-01,-1.373000000000000054e-01,4.349000000000000088e-01
5.591500000000000000e+04,2.390000000000000124e+00,3.459999999999999964e+00,1.100999999999999979e+01,8.608000000000000096e-01,2.175999999999999879e-01,-1.471999999999999975e-01,4.359000000000000097e-01
5.592100000000000000e+04,2.390000000000000124e+00,3.890000000000000124e+00,1.124000000000000021e+01,8.592999999999999527e-01,2.210000000000000020e-01,-1.512000000000000011e-01,4.359000000000000097e-01
5.592700000000000000e+04,2.009999999999999787e+00,2.129999999999999893e+00,1.261999999999999922e+01,8.557000000000000162e-01,2.281999999999999862e-01,-1.610999999999999932e-01,4.355999999999999872e-01
5.593300000000000000e+04,3.540000000000000036e+00,9.000000000000000222e-01,1.369999999999999929e+01,8.535000000000000364e-01,2.326999999999999902e-01,-1.668999999999999928e-01,4.353000000000000203e-01
5.594000000000000000e+04,6.110000000000000320e+00,-8.299999999999999600e-01,1.281000000000000050e+01,8.535000000000000364e-01,2.326999999999999902e-01,-1.668999999999999928e-01,4.353000000000000203e-01
5.594700000000000000e+04,6.450000000000000178e+00,-2.089999999999999858e+00,1.381000000000000050e+01,8.469999999999999751e-01,2.508000000000000229e-01,-1.839999999999999969e-01,4.309999999999999942e-01
5.595300000000000000e+04,6.450000000000000178e+00,-2.089999999999999858e+00,1.381000000000000050e+01,8.444000000000000394e-01,2.592999999999999750e-01,-1.894000000000000128e-01,4.288000000000000145e-01
5.596000000000000000e+04,6.450000000000000178e+00,-2.089999999999999858e+00,1.381000000000000050e+01,8.444000000000000394e-01,2.592999999999999750e-01,-1.894000000000000128e-01,4.288000000000000145e-01
5.596600000000000000e+04,6.450000000000000178e+00,-2.089999999999999858e+00,1.381000000000000050e+01,8.444000000000000394e-01,2.592999999999999750e-01,-1.894000000000000128e-01,4.288000000000000145e-01
5.597400000000000000e+04,2.548999999999999844e+01,7.399999999999999911e-01,2.001999999999999957e+01,8.444000000000000394e-01,2.592999999999999750e-01,-1.894000000000000128e-01,4.288000000000000145e-01
5.598000000000000000e+04,2.548999999999999844e+01,7.399999999999999911e-01,2.001999999999999957e+01,8.444000000000000394e-01,2.592999999999999750e-01,-1.894000000000000128e-01,4.288000000000000145e-01
5.598700000000000000e+04,2.548999999999999844e+01,7.399999999999999911e-01,2.001999999999999957e+01,8.444000000000000394e-01,2.592999999999999750e-01,-1.894000000000000128e-01,4.288000000000000145e-01
5.599300000000000000e+04,2.548999999999999844e+01,7.399999999999999911e-01,2.001999999999999957e+01,8.237999999999999767e-01,3.159000000000000141e-01,-1.912999999999999978e-01,4.300999999999999823e-01
5.600100000000000000e+04,3.080000000000000071e+00,-4.500000000000000111e-01,9.859999999999999432e+00,8.209999999999999520e-01,3.214000000000000190e-01,-1.789999999999999925e-01,4.364999999999999991e-01
5.600700000000000000e+04,3.080000000000000071e+00,-4.500000000000000111e-01,9.859999999999999432e+00,8.209999999999999520e-01,3.214000000000000190e-01,-1.789999999999999925e-01,4.364999999999999991e-01
5.601300000000000000e+04,3.080000000000000071e+00,-4.500000000000000111e-01,9.859999999999999432e+00,8.209999999999999520e-01,3.214000000000000190e-01,-1.789999999999999925e-01,4.364999999999999991e-01
5.602000000000000000e+04,2.000000000000000042e-02,0.000000000000000000e+00,0.000000000000000000e+00,8.113000000000000211e-01,3.299000000000000266e-01,-1.613999999999999879e-01,4.547999999999999821e-01
5.602600000000000000e+04,3.879999999999999893e+00,-3.240000000000000213e+00,6.799999999999999822e+00,8.085999999999999854e-01,3.316999999999999948e-01,-1.590000000000000024e-01,4.591999999999999971e-01
5.603200000000000000e+04,3.879999999999999893e+00,-3.240000000000000213e+00,6.799999999999999822e+00,8.052000000000000268e-01,3.336000000000000076e-01,-1.565000000000000002e-01,4.645000000000000240e-01
5.603800000000000000e+04,3.879999999999999893e+00,-3.240000000000000213e+00,6.799999999999999822e+00,8.052000000000000268e-01,3.336000000000000076e-01,-1.565000000000000002e-01,4.645000000000000240e-01
5.604400000000000000e+04,3.729999999999999982e+00,-1.750000000000000000e+00,6.610000000000000320e+00,8.052000000000000268e-01,3.336000000000000076e-01,-1.565000000000000002e-01,4.645000000000000240e-01
5.605000000000000000e+04,3.310000000000000053e+00,-1.979999999999999982e+00,6.450000000000000178e+00,7.903000000000000025e-01,3.406000000000000139e-01,-1.474999999999999922e-01,4.874999999999999889e-01
5.606300000000000000e+04,3.310000000000000053e+00,-1.979999999999999982e+00,6.450000000000000178e+00,7.903000000000000025e-01,3.406000000000000139e-01,-1.474999999999999922e-01,4.874999999999999889e-01
5.606900000000000000e+04,3.310000000000000053e+00,-1.979999999999999982e+00,6.450000000000000178e+00,7.722999999999999865e-01,3.454999999999999738e-01,-1.406999999999999917e-01,5.141999999999999904e-01
5.607500000000000000e+04,3.310000000000000053e+00,-1.979999999999999982e+00,6.450000000000000178e+00,7.722999999999999865e-01,3.454999999999999738e-01,-1.406999999999999917e-01,5.141999999999999904e-01
5.608200000000000000e+04,3.080000000000000071e+00,-7.900000000000000355e-01,5.769999999999999574e+00,7.622999999999999776e-01,3.471000000000000196e-01,-1.381000000000000005e-01,5.284999999999999698e-01
5.608800000000000000e+04,3.080000000000000071e+00,-7.900000000000000355e-01,5.769999999999999574e+00,7.622999999999999776e-01,3.471000000000000196e-01,-1.381000000000000005e-01,5.284999999999999698e-01
5.609500000000000000e+04,3.080000000000000071e+00,-7.900000000000000355e-01,5.769999999999999574e+00,7.622999999999999776e-01,3.471000000000000196e-01,-1.381000000000000005e-01,5.284999999999999698e-01
5.610200000000000000e+04,2.390000000000000124e+00,-4.799999999999999822e-01,5.299999999999999822e+00,7.622999999999999776e-01,3.471000000000000196e-01,-1.381000000000000005e-01,5.284999999999999698e-01
5.610800000000000000e+04,2.390000000000000124e+00,-4.799999999999999822e-01,5.299999999999999822e+00,7.622999999999999776e-01,3.471000000000000196e-01,-1.381000000000000005e-01,5.284999999999999698e-01
5.611400000000000000e+04,2.390000000000000124e+00,-4.799999999999999822e-01,5.299999999999999822e+00,7.622999999999999776e-01,3.471000000000000196e-01,-1.381000000000000005e-01,5.284999999999999698e-01
5.612100000000000000e+04,2.390000000000000124e+00,-4.799999999999999822e-01,5.299999999999999822e+00,7.622999999999999776e-01,3.471000000000000196e-01,-1.381000000000000005e-01,5.284999999999999698e-01
5.612700000000000000e+04,2.390000000000000124e+00,-4.799999999999999822e-01,5.299999999999999822e+00,7.135000000000000231e-01,3.438999999999999835e-01,-1.318000000000000005e-01,5.960999999999999632e-01
5.613400000000000000e+04,2.770000000000000018e+00,-9.799999999999999822e-01,4.459999999999999964e+00,7.077999999999999847e-01,3.427000000000000046e-01,-1.313999999999999890e-01,6.037000000000000144e-01
5.614100000000000000e+04,3.500000000000000000e+00,-1.250000000000000000e+00,4.419999999999999929e+00,6.965000000000000080e-01,3.400000000000000244e-01,-1.305999999999999939e-01,6.182999999999999607e-01
5.614700000000000000e+04,3.500000000000000000e+00,-1.250000000000000000e+00,4.419999999999999929e+00,6.965000000000000080e-01,3.400000000000000244e-01,-1.305999999999999939e-01,6.182999999999999607e-01
5.615500000000000000e+04,5.259999999999999787e+00,-1.020000000000000018e+00,4.690000000000000391e+00,6.965000000000000080e-01,3.400000000000000244e-01,-1.305999999999999939e-01,6.182999999999999607e-01
5.616100000000000000e+04,5.259999999999999787e+00,-1.020000000000000018e+00,4.690000000000000391e+00,6.785999999999999810e-01,3.355000000000000204e-01,-1.287999999999999978e-01,6.405999999999999472e-01
5.616700000000000000e+04,6.450000000000000178e+00,-1.360000000000000098e+00,4.769999999999999574e+00,6.663000000000000034e-01,3.316999999999999948e-01,-1.270999999999999908e-01,6.555999999999999606e-01
5.617500000000000000e+04,6.639999999999999680e+00,-2.209999999999999964e+00,4.769999999999999574e+00,6.596999999999999531e-01,3.294000000000000261e-01,-1.260000000000000009e-01,6.636999999999999567e-01
5.618100000000000000e+04,6.639999999999999680e+00,-2.209999999999999964e+00,4.769999999999999574e+00,6.531000000000000139e-01,3.269000000000000239e-01,-1.247000000000000053e-01,6.715999999999999748e-01
5.618800000000000000e+04,6.030000000000000249e+00,-1.399999999999999911e+00,4.349999999999999645e+00,6.391000000000000014e-01,3.214000000000000190e-01,-1.218000000000000055e-01,6.879999999999999449e-01
5.619500000000000000e+04,6.070000000000000284e+00,-9.000000000000000222e-01,4.160000000000000142e+00,6.314999999999999503e-01,3.181999999999999829e-01,-1.203999999999999931e-01,6.967999999999999750e-01
5.620100000000000000e+04,6.679999999999999716e+00,-2.899999999999999800e-01,3.810000000000000053e+00,6.152999999999999581e-01,3.109999999999999987e-01,-1.180999999999999966e-01,7.147000000000000020e-01
5.620800000000000000e+04,7.179999999999999716e+00,-4.799999999999999822e-01,3.770000000000000018e+00,6.077000000000000179e-01,3.075999999999999845e-01,-1.173000000000000015e-01,7.227000000000000091e-01
5.621500000000000000e+04,8.169999999999999929e+00,-1.439999999999999947e+00,3.959999999999999964e+00,6.077000000000000179e-01,3.075999999999999845e-01,-1.173000000000000015e-01,7.227000000000000091e-01
5.622100000000000000e+04,8.550000000000000711e+00,-1.899999999999999911e+00,3.959999999999999964e+00,5.903000000000000469e-01,2.998999999999999999e-01,-1.155999999999999944e-01,7.403999999999999471e-01
5.622700000000000000e+04,8.550000000000000711e+00,-1.899999999999999911e+00,3.959999999999999964e+00,5.903000000000000469e-01,2.998999999999999999e-01,-1.155999999999999944e-01,7.403999999999999471e-01
5.623300000000000000e+04,8.550000000000000711e+00,-1.899999999999999911e+00,3.959999999999999964e+00,5.623000000000000220e-01,2.888999999999999901e-01,-1.121000000000000052e-01,7.667000000000000481e-01
5.623900000000000000e+04,9.900000000000000355e+00,-1.709999999999999964e+00,4.230000000000000426e+00,5.623000000000000220e-01,2.888999999999999901e-01,-1.121000000000000052e-01,7.667000000000000481e-01
5.624600000000000000e+04,1.005000000000000071e+01,-1.550000000000000044e+00,4.540000000000000036e+00,5.322000000000000064e-01,2.785000000000000253e-01,-1.072000000000000036e-01,7.923000000000000043e-01
5.625400000000000000e+04,1.085999999999999943e+01,-1.169999999999999929e+00,5.070000000000000284e+00,5.322000000000000064e-01,2.785000000000000253e-01,-1.072000000000000036e-01,7.923000000000000043e-01
5.626000000000000000e+04,1.097000000000000064e+01,-8.299999999999999600e-01,5.190000000000000391e+00,4.988000000000000211e-01,2.679000000000000270e-01,-1.020999999999999963e-01,8.178999999999999604e-01
5.626600000000000000e+04,1.097000000000000064e+01,-8.299999999999999600e-01,5.190000000000000391e+00,4.988000000000000211e-01,2.679000000000000270e-01,-1.020999999999999963e-01,8.178999999999999604e-01
5.627800000000000000e+04,1.097000000000000064e+01,-8.299999999999999600e-01,5.190000000000000391e+00,4.988000000000000211e-01,2.679000000000000270e-01,-1.020999999999999963e-01,8.178999999999999604e-01
5.628400000000000000e+04,1.074000000000000021e+01,5.000000000000000278e-02,5.150000000000000355e+00,4.988000000000000211e-01,2.679000000000000270e-01,-1.020999999999999963e-01,8.178999999999999604e-01
5.629000000000000000e+04,1.074000000000000021e+01,5.000000000000000278e-02,5.150000000000000355e+00,4.988000000000000211e-01,2.679000000000000270e-01,-1.020999999999999963e-01,8.178999999999999604e-01
5.629600000000000000e+04,1.074000000000000021e+01,5.000000000000000278e-02,5.150000000000000355e+00,4.988000000000000211e-01,2.679000000000000270e-01,-1.020999999999999963e-01,8.178999999999999604e-01
5.630300000000000000e+04,1.069999999999999929e+01,1.659999999999999920e+00,5.269999999999999574e+00,4.032999999999999918e-01,2.419000000000000039e-01,-9.199999999999999845e-02,8.777000000000000357e-01
5.631000000000000000e+04,1.069999999999999929e+01,1.659999999999999920e+00,5.269999999999999574e+00,3.801999999999999824e-01,2.373999999999999999e-01,-9.110000000000000042e-02,8.891999999999999904e-01
5.631600000000000000e+04,1.069999999999999929e+01,1.659999999999999920e+00,5.269999999999999574e+00,3.685999999999999832e-01,2.353999999999999981e-01,-9.089999999999999469e-02,8.947000000000000508e-01
5.632300000000000000e+04,1.150999999999999979e+01,1.199999999999999956e+00,5.839999999999999858e+00,3.685999999999999832e-01,2.353999999999999981e-01,-9.089999999999999469e-02,8.947000000000000508e-01
5.633000000000000000e+04,1.150999999999999979e+01,1.199999999999999956e+00,5.839999999999999858e+00,3.467000000000000082e-01,2.321000000000000008e-01,-9.089999999999999469e-02,9.042999999999999927e-01
5.633700000000000000e+04,1.063000000000000078e+01,7.099999999999999645e-01,5.879999999999999893e+00,3.254000000000000226e-01,2.295999999999999985e-01,-9.080000000000000571e-02,9.127999999999999448e-01
5.634300000000000000e+04,1.047000000000000064e+01,9.399999999999999467e-01,6.299999999999999822e+00,3.254000000000000226e-01,2.295999999999999985e-01,-9.080000000000000571e-02,9.127999999999999448e-01
5.634900000000000000e+04,1.050999999999999979e+01,1.159999999999999920e+00,6.410000000000000142e+00,2.968999999999999972e-01,2.280999999999999972e-01,-8.970000000000000195e-02,9.229000000000000536e-01
5.635600000000000000e+04,1.032000000000000028e+01,1.659999999999999920e+00,6.530000000000000249e+00,2.968999999999999972e-01,2.280999999999999972e-01,-8.970000000000000195e-02,9.229000000000000536e-01
5.636200000000000000e+04,1.032000000000000028e+01,1.659999999999999920e+00,6.530000000000000249e+00,2.968999999999999972e-01,2.280999999999999972e-01,-8.970000000000000195e-02,9.229000000000000536e-01
5.636800000000000000e+04,1.032000000000000028e+01,1.659999999999999920e+00,6.530000000000000249e+00,2.968999999999999972e-01,2.280999999999999972e-01,-8.970000000000000195e-02,9.229000000000000536e-01
5.637500000000000000e+04,9.779999999999999361e+00,1.159999999999999920e+00,7.030000000000000249e+00,2.968999999999999972e-01,2.280999999999999972e-01,-8.970000000000000195e-02,9.229000000000000536e-01
5.638100000000000000e+04,9.779999999999999361e+00,1.159999999999999920e+00,7.030000000000000249e+00,2.515000000000000013e-01,2.280000000000000082e-01,-8.749999999999999445e-02,9.364999999999999991e-01
5.638700000000000000e+04,9.519999999999999574e+00,6.700000000000000400e-01,7.139999999999999680e+00,2.515000000000000013e-01,2.280000000000000082e-01,-8.749999999999999445e-02,9.364999999999999991e-01
5.639400000000000000e+04,9.519999999999999574e+00,6.700000000000000400e-01,7.139999999999999680e+00,2.515000000000000013e-01,2.280000000000000082e-01,-8.749999999999999445e-02,9.364999999999999991e-01
5.640000000000000000e+04,9.519999999999999574e+00,6.700000000000000400e-01,7.139999999999999680e+00,2.351000000000000034e-01,2.280000000000000082e-01,-8.680000000000000215e-02,9.408999999999999586e-01
5.640600000000000000e+04,9.519999999999999574e+00,6.700000000000000400e-01,7.139999999999999680e+00,2.351000000000000034e-01,2.280000000000000082e-01,-8.680000000000000215e-02,9.408999999999999586e-01
5.641200000000000000e+04,9.519999999999999574e+00,6.700000000000000400e-01,7.139999999999999680e+00,2.351000000000000034e-01,2.280000000000000082e-01,-8.680000000000000215e-02,9.408999999999999586e-01
5.641800000000000000e+04,9.519999999999999574e+00,6.700000000000000400e-01,7.139999999999999680e+00,2.227000000000000091e-01,2.290999999999999981e-01,-8.450000000000000566e-02,9.437999999999999723e-01
5.642400000000000000e+04,9.519999999999999574e+00,6.700000000000000400e-01,7.139999999999999680e+00,2.227000000000000091e-01,2.290999999999999981e-01,-8.450000000000000566e-02,9.437999999999999723e-01
5.643000000000000000e+04,9.519999999999999574e+00,6.700000000000000400e-01,7.139999999999999680e+00,2.164000000000000090e-01,2.338999999999999968e-01,-7.779999999999999416e-02,9.445999999999999952e-01
5.643600000000000000e+04,9.519999999999999574e+00,6.700000000000000400e-01,7.139999999999999680e+00,2.164000000000000090e-01,2.338999999999999968e-01,-7.779999999999999416e-02,9.445999999999999952e-01
5.644300000000000000e+04,1.116000000000000014e+01,-6.700000000000000400e-01,9.140000000000000568e+00,2.152999999999999914e-01,2.434000000000000052e-01,-6.669999999999999540e-02,9.434000000000000163e-01
5.645000000000000000e+04,2.942999999999999972e+01,1.465000000000000036e+01,1.350000000000000000e+01,2.189000000000000112e-01,2.477000000000000035e-01,-5.290000000000000258e-02,9.423000000000000265e-01
5.645700000000000000e+04,1.705999999999999872e+01,1.308000000000000007e+01,7.410000000000000142e+00,2.220000000000000029e-01,2.459999999999999964e-01,-4.630000000000000088e-02,9.424000000000000155e-01
5.646300000000000000e+04,7.639999999999999680e+00,4.419999999999999929e+00,8.250000000000000000e+00,2.263000000000000012e-01,2.396000000000000074e-01,-3.429999999999999716e-02,9.435000000000000053e-01
5.647000000000000000e+04,1.010000000000000009e+00,-1.709999999999999964e+00,9.589999999999999858e+00,2.280999999999999972e-01,2.361000000000000043e-01,-2.840000000000000163e-02,9.442000000000000393e-01
5.647600000000000000e+04,1.010000000000000009e+00,-1.709999999999999964e+00,9.589999999999999858e+00,2.280999999999999972e-01,2.361000000000000043e-01,-2.840000000000000163e-02,9.442000000000000393e-01
5.648900000000000000e+04,1.010000000000000009e+00,-1.709999999999999964e+00,9.589999999999999858e+00,2.280999999999999972e-01,2.361000000000000043e-01,-2.840000000000000163e-02,9.442000000000000393e-01
5.649500000000000000e+04,1.010000000000000009e+00,-1.709999999999999964e+00,9.589999999999999858e+00,2.280999999999999972e-01,2.361000000000000043e-01,-2.840000000000000163e-02,9.442000000000000393e-01
5.650100000000000000e+04,4.650000000000000355e+00,2.620000000000000107e+00,9.289999999999999147e+00,2.280999999999999972e-01,2.361000000000000043e-01,-2.840000000000000163e-02,9.442000000000000393e-01
5.650800000000000000e+04,4.650000000000000355e+00,2.620000000000000107e+00,9.289999999999999147e+00,2.280999999999999972e-01,2.361000000000000043e-01,-2.840000000000000163e-02,9.442000000000000393e-01
5.651400000000000000e+04,4.650000000000000355e+00,2.620000000000000107e+00,9.289999999999999147e+00,2.371000000000000052e-01,2.192000000000000060e-01,-5.999999999999999474e-04,9.464000000000000190e-01
5.652100000000000000e+04,4.650000000000000355e+00,2.620000000000000107e+00,9.289999999999999147e+00,2.371000000000000052e-01,2.192000000000000060e-01,-5.999999999999999474e-04,9.464000000000000190e-01
5.652700000000000000e+04,4.650000000000000355e+00,2.620000000000000107e+00,9.289999999999999147e+00,2.371000000000000052e-01,2.192000000000000060e-01,-5.999999999999999474e-04,9.464000000000000190e-01
5.653400000000000000e+04,3.959999999999999964e+00,2.660000000000000142e+00,8.869999999999999218e+00,2.371000000000000052e-01,2.192000000000000060e-01,-5.999999999999999474e-04,9.464000000000000190e-01
5.654100000000000000e+04,4.190000000000000391e+00,2.200000000000000178e+00,8.910000000000000142e+00,2.371999999999999942e-01,2.169000000000000095e-01,1.000000000000000048e-04,9.469999999999999529e-01
5.654700000000000000e+04,4.459999999999999964e+00,1.590000000000000080e+00,8.869999999999999218e+00,2.368999999999999995e-01,2.167000000000000037e-01,-6.999999999999999929e-04,9.469999999999999529e-01
5.655300000000000000e+04,4.459999999999999964e+00,1.090000000000000080e+00,8.869999999999999218e+00,2.368999999999999995e-01,2.167000000000000037e-01,-6.999999999999999929e-04,9.469999999999999529e-01
5.655900000000000000e+04,4.459999999999999964e+00,1.090000000000000080e+00,8.869999999999999218e+00,2.358000000000000096e-01,2.164000000000000090e-01,-3.799999999999999992e-03,9.474000000000000199e-01
5.656600000000000000e+04,4.459999999999999964e+00,4.799999999999999822e-01,8.830000000000000071e+00,2.358000000000000096e-01,2.164000000000000090e-01,-3.799999999999999992e-03,9.474000000000000199e-01
5.657300000000000000e+04,4.799999999999999822e+00,1.700000000000000122e-01,8.830000000000000071e+00,2.358000000000000096e-01,2.164000000000000090e-01,-3.799999999999999992e-03,9.474000000000000199e-01
5.657900000000000000e+04,4.799999999999999822e+00,1.700000000000000122e-01,8.830000000000000071e+00,2.343999999999999972e-01,2.162000000000000033e-01,-7.199999999999999803e-03,9.477999999999999758e-01
5.658500000000000000e+04,4.799999999999999822e+00,1.700000000000000122e-01,8.830000000000000071e+00,2.343999999999999972e-01,2.162000000000000033e-01,-7.199999999999999803e-03,9.477999999999999758e-01
5.659200000000000000e+04,4.570000000000000284e+00,-4.799999999999999822e-01,8.910000000000000142e+00,2.331000000000000016e-01,2.159999999999999976e-01,-9.900000000000000813e-03,9.481000000000000538e-01
5.659900000000000000e+04,4.570000000000000284e+00,-7.500000000000000000e-01,8.949999999999999289e+00,2.331000000000000016e-01,2.159999999999999976e-01,-9.900000000000000813e-03,9.481000000000000538e-01
5.660500000000000000e+04,4.610000000000000320e+00,-8.599999999999999867e-01,8.949999999999999289e+00,2.325000000000000122e-01,2.157999999999999918e-01,-1.110000000000000049e-02,9.483000000000000318e-01
5.661100000000000000e+04,4.610000000000000320e+00,-8.599999999999999867e-01,8.949999999999999289e+00,2.325000000000000122e-01,2.157999999999999918e-01,-1.110000000000000049e-02,9.483000000000000318e-01
5.661700000000000000e+04,4.610000000000000320e+00,-8.599999999999999867e-01,8.949999999999999289e+00,2.325000000000000122e-01,2.157999999999999918e-01,-1.110000000000000049e-02,9.483000000000000318e-01
5.662400000000000000e+04,4.839999999999999858e+00,-3.699999999999999956e-01,8.830000000000000071e+00,2.321000000000000008e-01,2.154000000000000081e-01,-1.159999999999999920e-02,9.485000000000000098e-01
5.663100000000000000e+04,4.799999999999999822e+00,1.700000000000000122e-01,8.789999999999999147e+00,2.321999999999999897e-01,2.151000000000000134e-01,-1.110000000000000049e-02,9.485000000000000098e-01
5.663700000000000000e+04,4.799999999999999822e+00,1.700000000000000122e-01,8.789999999999999147e+00,2.321999999999999897e-01,2.151000000000000134e-01,-1.110000000000000049e-02,9.485000000000000098e-01
5.664400000000000000e+04,4.650000000000000355e+00,5.500000000000000444e-01,8.789999999999999147e+00,2.326000000000000012e-01,2.144999999999999962e-01,-9.900000000000000813e-03,9.485000000000000098e-01
5.665000000000000000e+04,4.650000000000000355e+00,5.500000000000000444e-01,8.789999999999999147e+00,2.326000000000000012e-01,2.144999999999999962e-01,-9.900000000000000813e-03,9.485000000000000098e-01
5.665600000000000000e+04,4.650000000000000355e+00,5.500000000000000444e-01,8.789999999999999147e+00,2.328000000000000069e-01,2.141000000000000125e-01,-9.100000000000000450e-03,9.485999999999999988e-01
5.666300000000000000e+04,4.419999999999999929e+00,1.010000000000000009e+00,8.830000000000000071e+00,2.328000000000000069e-01,2.141000000000000125e-01,-9.100000000000000450e-03,9.485999999999999988e-01
5.667200000000000000e+04,4.379999999999999893e+00,9.699999999999999734e-01,8.869999999999999218e+00,2.330000000000000127e-01,2.136000000000000121e-01,-8.099999999999999561e-03,9.486999999999999877e-01
5.668000000000000000e+04,4.500000000000000000e+00,9.399999999999999467e-01,8.869999999999999218e+00,2.331000000000000016e-01,2.134000000000000064e-01,-7.900000000000000772e-03,9.486999999999999877e-01
5.668600000000000000e+04,4.500000000000000000e+00,1.090000000000000080e+00,8.910000000000000142e+00,2.331000000000000016e-01,2.131000000000000116e-01,-7.499999999999999722e-03,9.487999999999999767e-01
5.669200000000000000e+04,4.419999999999999929e+00,1.199999999999999956e+00,8.910000000000000142e+00,2.331000000000000016e-01,2.129000000000000059e-01,-7.400000000000000328e-03,9.488999999999999657e-01
5.670700000000000000e+04,4.379999999999999893e+00,1.199999999999999956e+00,8.910000000000000142e+00,2.330000000000000127e-01,2.127999999999999892e-01,-7.400000000000000328e-03,9.488999999999999657e-01
5.671300000000000000e+04,4.379999999999999893e+00,1.199999999999999956e+00,8.910000000000000142e+00,2.326999999999999902e-01,2.122999999999999887e-01,-7.599999999999999985e-03,9.489999999999999547e-01
5.671900000000000000e+04,4.500000000000000000e+00,5.500000000000000444e-01,8.869999999999999218e+00,2.326999999999999902e-01,2.122999999999999887e-01,-7.599999999999999985e-03,9.489999999999999547e-01
5.672500000000000000e+04,4.459999999999999964e+00,4.799999999999999822e-01,8.869999999999999218e+00,2.323999999999999955e-01,2.121999999999999997e-01,-7.900000000000000772e-03,9.492000000000000437e-01
5.673100000000000000e+04,4.500000000000000000e+00,2.500000000000000000e-01,8.910000000000000142e+00,2.321999999999999897e-01,2.119999999999999940e-01,-8.300000000000000086e-03,9.493000000000000327e-01
5.673900000000000000e+04,4.540000000000000036e+00,2.099999999999999922e-01,8.949999999999999289e+00,2.321000000000000008e-01,2.119999999999999940e-01,-8.399999999999999481e-03,9.493000000000000327e-01
5.674500000000000000e+04,4.540000000000000036e+00,2.099999999999999922e-01,8.949999999999999289e+00,2.318999999999999950e-01,2.119000000000000050e-01,-8.500000000000000611e-03,9.493000000000000327e-01
5.675100000000000000e+04,4.540000000000000036e+00,2.099999999999999922e-01,8.949999999999999289e+00,2.318999999999999950e-01,2.119000000000000050e-01,-8.500000000000000611e-03,9.493000000000000327e-01
5.675700000000000000e+04,4.540000000000000036e+00,2.099999999999999922e-01,8.949999999999999289e+00,2.318999999999999950e-01,2.119000000000000050e-01,-8.500000000000000611e-03,9.493000000000000327e-01
5.676400000000000000e+04,4.339999999999999858e+00,3.200000000000000067e-01,8.910000000000000142e+00,2.313999999999999946e-01,2.116000000000000103e-01,-8.600000000000000006e-03,9.495000000000000107e-01
5.677100000000000000e+04,4.339999999999999858e+00,3.200000000000000067e-01,8.910000000000000142e+00,2.313999999999999946e-01,2.116000000000000103e-01,-8.600000000000000006e-03,9.495000000000000107e-01
5.677700000000000000e+04,4.459999999999999964e+00,3.200000000000000067e-01,8.910000000000000142e+00,2.313999999999999946e-01,2.114999999999999936e-01,-8.399999999999999481e-03,9.495999999999999996e-01
5.678300000000000000e+04,4.500000000000000000e+00,4.400000000000000022e-01,8.910000000000000142e+00,2.313999999999999946e-01,2.114999999999999936e-01,-8.399999999999999481e-03,9.495999999999999996e-01
5.678900000000000000e+04,4.500000000000000000e+00,4.400000000000000022e-01,8.910000000000000142e+00,2.313999999999999946e-01,2.114000000000000046e-01,-8.200000000000000691e-03,9.495999999999999996e-01
5.679600000000000000e+04,4.339999999999999858e+00,7.099999999999999645e-01,8.830000000000000071e+00,2.313999999999999946e-01,2.114000000000000046e-01,-8.200000000000000691e-03,9.495999999999999996e-01
5.680300000000000000e+04,4.339999999999999858e+00,7.099999999999999645e-01,8.830000000000000071e+00,2.313999999999999946e-01,2.114000000000000046e-01,-8.200000000000000691e-03,9.495999999999999996e-01
5.680900000000000000e+04,4.339999999999999858e+00,7.099999999999999645e-01,8.830000000000000071e+00,2.313999999999999946e-01,2.114000000000000046e-01,-8.200000000000000691e-03,9.495999999999999996e-01
5.681500000000000000e+04,4.419999999999999929e+00,8.599999999999999867e-01,8.949999999999999289e+00,2.315000000000000113e-01,2.111999999999999988e-01,-7.300000000000000065e-03,9.495999999999999996e-01
5.682200000000000000e+04,4.379999999999999893e+00,9.399999999999999467e-01,8.869999999999999218e+00,2.315000000000000113e-01,2.111999999999999988e-01,-7.199999999999999803e-03,9.495999999999999996e-01
5.682800000000000000e+04,4.379999999999999893e+00,9.399999999999999467e-01,8.869999999999999218e+00,2.315000000000000113e-01,2.111999999999999988e-01,-7.199999999999999803e-03,9.495999999999999996e-01
5.683500000000000000e+04,4.540000000000000036e+00,7.099999999999999645e-01,8.869999999999999218e+00,2.316000000000000003e-01,2.111000000000000099e-01,-7.100000000000000408e-03,9.495999999999999996e-01
5.684100000000000000e+04,4.540000000000000036e+00,7.099999999999999645e-01,8.830000000000000071e+00,2.316000000000000003e-01,2.111000000000000099e-01,-7.100000000000000408e-03,9.495999999999999996e-01
5.684800000000000000e+04,4.540000000000000036e+00,7.099999999999999645e-01,8.830000000000000071e+00,2.316000000000000003e-01,2.111000000000000099e-01,-7.100000000000000408e-03,9.495999999999999996e-01
5.685400000000000000e+04,4.540000000000000036e+00,7.099999999999999645e-01,8.830000000000000071e+00,2.316000000000000003e-01,2.111000000000000099e-01,-7.100000000000000408e-03,9.495999999999999996e-01
5.686000000000000000e+04,4.500000000000000000e+00,7.399999999999999911e-01,8.869999999999999218e+00,2.316000000000000003e-01,2.111000000000000099e-01,-7.100000000000000408e-03,9.495999999999999996e-01
5.686700000000000000e+04,4.540000000000000036e+00,7.800000000000000266e-01,8.869999999999999218e+00,2.316000000000000003e-01,2.109000000000000041e-01,-7.300000000000000065e-03,9.495999999999999996e-01
5.687400000000000000e+04,4.500000000000000000e+00,5.500000000000000444e-01,8.869999999999999218e+00,2.316000000000000003e-01,2.107999999999999874e-01,-7.400000000000000328e-03,9.496999999999999886e-01
5.688100000000000000e+04,4.419999999999999929e+00,4.799999999999999822e-01,8.869999999999999218e+00,2.316000000000000003e-01,2.106999999999999984e-01,-7.400000000000000328e-03,9.496999999999999886e-01
5.688700000000000000e+04,4.419999999999999929e+00,5.200000000000000178e-01,8.869999999999999218e+00,2.316000000000000003e-01,2.106999999999999984e-01,-7.400000000000000328e-03,9.496999999999999886e-01
5.689300000000000000e+04,4.419999999999999929e+00,5.200000000000000178e-01,8.869999999999999218e+00,2.316000000000000003e-01,2.106000000000000094e-01,-7.599999999999999985e-03,9.496999999999999886e-01
5.690000000000000000e+04,4.419999999999999929e+00,5.200000000000000178e-01,8.869999999999999218e+00,2.316000000000000003e-01,2.106000000000000094e-01,-7.599999999999999985e-03,9.496999999999999886e-01
5.690700000000000000e+04,4.500000000000000000e+00,5.200000000000000178e-01,8.949999999999999289e+00,2.316999999999999893e-01,2.104999999999999927e-01,-7.599999999999999985e-03,9.496999999999999886e-01
5.692200000000000000e+04,4.540000000000000036e+00,5.200000000000000178e-01,8.869999999999999218e+00,2.318000000000000060e-01,2.104999999999999927e-01,-7.599999999999999985e-03,9.496999999999999886e-01
5.692900000000000000e+04,4.419999999999999929e+00,5.899999999999999689e-01,8.910000000000000142e+00,2.320000000000000118e-01,2.104000000000000037e-01,-7.599999999999999985e-03,9.495999999999999996e-01
5.693500000000000000e+04,4.419999999999999929e+00,5.899999999999999689e-01,8.910000000000000142e+00,2.320000000000000118e-01,2.104000000000000037e-01,-7.599999999999999985e-03,9.495999999999999996e-01
5.694200000000000000e+04,4.419999999999999929e+00,5.899999999999999689e-01,8.910000000000000142e+00,2.320000000000000118e-01,2.104000000000000037e-01,-7.599999999999999985e-03,9.495999999999999996e-01
5.694800000000000000e+04,4.419999999999999929e+00,5.899999999999999689e-01,8.910000000000000142e+00,2.321999999999999897e-01,2.102999999999999869e-01,-7.499999999999999722e-03,9.495999999999999996e-01
5.695400000000000000e+04,4.419999999999999929e+00,6.300000000000000044e-01,8.869999999999999218e+00,2.321999999999999897e-01,2.102999999999999869e-01,-7.499999999999999722e-03,9.495999999999999996e-01
5.696000000000000000e+04,4.379999999999999893e+00,8.199999999999999512e-01,8.869999999999999218e+00,2.323999999999999955e-01,2.101000000000000090e-01,-7.400000000000000328e-03,9.495999999999999996e-01
5.696800000000000000e+04,4.500000000000000000e+00,7.399999999999999911e-01,8.949999999999999289e+00,2.323999999999999955e-01,2.101000000000000090e-01,-7.400000000000000328e-03,9.495999999999999996e-01
5.697500000000000000e+04,4.500000000000000000e+00,7.800000000000000266e-01,8.830000000000000071e+00,2.323999999999999955e-01,2.099999999999999922e-01,-7.400000000000000328e-03,9.495999999999999996e-01
5.698100000000000000e+04,4.500000000000000000e+00,7.800000000000000266e-01,8.949999999999999289e+00,2.325000000000000122e-01,2.099999999999999922e-01,-7.400000000000000328e-03,9.495999999999999996e-01
5.698800000000000000e+04,4.419999999999999929e+00,6.700000000000000400e-01,8.949999999999999289e+00,2.326000000000000012e-01,2.099000000000000032e-01,-7.400000000000000328e-03,9.495999999999999996e-01
5.699400000000000000e+04,4.379999999999999893e+00,5.899999999999999689e-01,8.869999999999999218e+00,2.326000000000000012e-01,2.099000000000000032e-01,-7.400000000000000328e-03,9.495999999999999996e-01
5.700000000000000000e+04,4.459999999999999964e+00,6.700000000000000400e-01,8.910000000000000142e+00,2.328000000000000069e-01,2.096999999999999975e-01,-7.400000000000000328e-03,9.495999999999999996e-01
5.700700000000000000e+04,4.419999999999999929e+00,5.500000000000000444e-01,8.910000000000000142e+00,2.328999999999999959e-01,2.096000000000000085e-01,-7.400000000000000328e-03,9.495999999999999996e-01
5.701300000000000000e+04,4.419999999999999929e+00,5.500000000000000444e-01,8.910000000000000142e+00,2.328999999999999959e-01,2.094999999999999918e-01,-7.400000000000000328e-03,9.495999999999999996e-01
5.702000000000000000e+04,4.500000000000000000e+00,6.300000000000000044e-01,8.869999999999999218e+00,2.330000000000000127e-01,2.094999999999999918e-01,-7.400000000000000328e-03,9.495999999999999996e-01
5.702700000000000000e+04,4.419999999999999929e+00,7.099999999999999645e-01,8.910000000000000142e+00,2.330000000000000127e-01,2.094999999999999918e-01,-7.400000000000000328e-03,9.495999999999999996e-01
5.703300000000000000e+04,4.419999999999999929e+00,7.099999999999999645e-01,8.910000000000000142e+00,2.331999999999999906e-01,2.094000000000000028e-01,-7.599999999999999985e-03,9.495999999999999996e-01
5.703900000000000000e+04,4.379999999999999893e+00,5.500000000000000444e-01,8.949999999999999289e+00,2.331999999999999906e-01,2.094000000000000028e-01,-7.599999999999999985e-03,9.495999999999999996e-01
5.704500000000000000e+04,4.379999999999999893e+00,5.500000000000000444e-01,8.949999999999999289e+00,2.331999999999999906e-01,2.094000000000000028e-01,-7.599999999999999985e-03,9.495999999999999996e-01
5.705300000000000000e+04,4.500000000000000000e+00,5.899999999999999689e-01,8.869999999999999218e+00,2.331999999999999906e-01,2.094000000000000028e-01,-7.599999999999999985e-03,9.495999999999999996e-01
5.705900000000000000e+04,4.379999999999999893e+00,5.500000000000000444e-01,8.910000000000000142e+00,2.333000000000000074e-01,2.093000000000000138e-01,-7.700000000000000247e-03,9.495999999999999996e-01
5.706500000000000000e+04,4.299999999999999822e+00,5.200000000000000178e-01,8.910000000000000142e+00,2.333000000000000074e-01,2.091999999999999971e-01,-7.700000000000000247e-03,9.495999999999999996e-01
5.707100000000000000e+04,4.339999999999999858e+00,5.899999999999999689e-01,8.949999999999999289e+00,2.333999999999999964e-01,2.091000000000000081e-01,-7.700000000000000247e-03,9.495999999999999996e-01
5.707800000000000000e+04,4.459999999999999964e+00,7.399999999999999911e-01,8.830000000000000071e+00,2.335000000000000131e-01,2.089999999999999913e-01,-7.700000000000000247e-03,9.495999999999999996e-01
5.708400000000000000e+04,4.419999999999999929e+00,6.300000000000000044e-01,8.869999999999999218e+00,2.335000000000000131e-01,2.089000000000000024e-01,-7.700000000000000247e-03,9.495999999999999996e-01
5.709000000000000000e+04,4.379999999999999893e+00,6.300000000000000044e-01,8.910000000000000142e+00,2.335000000000000131e-01,2.089000000000000024e-01,-7.700000000000000247e-03,9.495999999999999996e-01
5.709700000000000000e+04,4.379999999999999893e+00,6.300000000000000044e-01,8.830000000000000071e+00,2.336000000000000021e-01,2.088000000000000134e-01,-7.599999999999999985e-03,9.495999999999999996e-01
5.710500000000000000e+04,4.379999999999999893e+00,5.500000000000000444e-01,8.949999999999999289e+00,2.336000000000000021e-01,2.086999999999999966e-01,-7.599999999999999985e-03,9.495999999999999996e-01
5.711100000000000000e+04,4.299999999999999822e+00,5.500000000000000444e-01,8.949999999999999289e+00,2.336000000000000021e-01,2.086999999999999966e-01,-7.599999999999999985e-03,9.495999999999999996e-01
5.711800000000000000e+04,4.299999999999999822e+00,5.500000000000000444e-01,8.949999999999999289e+00,2.336999999999999911e-01,2.086000000000000076e-01,-7.599999999999999985e-03,9.495999999999999996e-01
5.712400000000000000e+04,4.379999999999999893e+00,6.700000000000000400e-01,8.869999999999999218e+00,2.338000000000000078e-01,2.084999999999999909e-01,-7.599999999999999985e-03,9.495999999999999996e-01
5.713700000000000000e+04,4.379999999999999893e+00,6.700000000000000400e-01,8.869999999999999218e+00,2.338000000000000078e-01,2.084999999999999909e-01,-7.599999999999999985e-03,9.495999999999999996e-01
5.714300000000000000e+04,4.379999999999999893e+00,6.700000000000000400e-01,8.869999999999999218e+00,2.338000000000000078e-01,2.084999999999999909e-01,-7.599999999999999985e-03,9.495999999999999996e-01
5.714900000000000000e+04,4.379999999999999893e+00,6.700000000000000400e-01,8.869999999999999218e+00,2.338000000000000078e-01,2.083000000000000129e-01,-7.599999999999999985e-03,9.496999999999999886e-01
5.715500000000000000e+04,4.419999999999999929e+00,5.899999999999999689e-01,8.910000000000000142e+00,2.338999999999999968e-01,2.081999999999999962e-01,-7.499999999999999722e-03,9.496999999999999886e-01
5.716100000000000000e+04,4.419999999999999929e+00,5.899999999999999689e-01,8.910000000000000142e+00,2.338999999999999968e-01,2.081999999999999962e-01,-7.499999999999999722e-03,9.496999999999999886e-01
5.716800000000000000e+04,4.379999999999999893e+00,5.899999999999999689e-01,8.949999999999999289e+00,2.338999999999999968e-01,2.079999999999999905e-01,-7.400000000000000328e-03,9.496999999999999886e-01
5.717500000000000000e+04,4.379999999999999893e+00,6.700000000000000400e-01,8.949999999999999289e+00,2.338999999999999968e-01,2.079000000000000015e-01,-7.400000000000000328e-03,9.496999999999999886e-01
5.718200000000000000e+04,4.379999999999999893e+00,6.700000000000000400e-01,8.949999999999999289e+00,2.338999999999999968e-01,2.079000000000000015e-01,-7.400000000000000328e-03,9.496999999999999886e-01
5.718800000000000000e+04,4.379999999999999893e+00,6.300000000000000044e-01,8.949999999999999289e+00,2.338999999999999968e-01,2.078000000000000125e-01,-7.300000000000000065e-03,9.497999999999999776e-01
5.719500000000000000e+04,4.379999999999999893e+00,6.300000000000000044e-01,8.949999999999999289e+00,2.338999999999999968e-01,2.078000000000000125e-01,-7.300000000000000065e-03,9.497999999999999776e-01
5.720100000000000000e+04,4.379999999999999893e+00,5.899999999999999689e-01,8.869999999999999218e+00,2.338999999999999968e-01,2.078000000000000125e-01,-7.300000000000000065e-03,9.497999999999999776e-01
5.720800000000000000e+04,4.419999999999999929e+00,6.300000000000000044e-01,8.910000000000000142e+00,2.338999999999999968e-01,2.078000000000000125e-01,-7.300000000000000065e-03,9.497999999999999776e-01
5.721500000000000000e+04,4.459999999999999964e+00,6.700000000000000400e-01,8.910000000000000142e+00,2.338999999999999968e-01,2.076000000000000068e-01,-7.199999999999999803e-03,9.497999999999999776e-01
5.722200000000000000e+04,4.269999999999999574e+00,8.599999999999999867e-01,8.949999999999999289e+00,2.338999999999999968e-01,2.076000000000000068e-01,-7.199999999999999803e-03,9.497999999999999776e-01
5.722900000000000000e+04,4.269999999999999574e+00,8.599999999999999867e-01,8.949999999999999289e+00,2.338999999999999968e-01,2.074999999999999900e-01,-7.199999999999999803e-03,9.497999999999999776e-01
5.723500000000000000e+04,4.299999999999999822e+00,7.800000000000000266e-01,8.949999999999999289e+00,2.338999999999999968e-01,2.074999999999999900e-01,-7.199999999999999803e-03,9.497999999999999776e-01
5.724200000000000000e+04,4.299999999999999822e+00,8.199999999999999512e-01,8.980000000000000426e+00,2.338999999999999968e-01,2.074999999999999900e-01,-7.199999999999999803e-03,9.497999999999999776e-01
5.724900000000000000e+04,4.339999999999999858e+00,8.599999999999999867e-01,8.949999999999999289e+00,2.338999999999999968e-01,2.076000000000000068e-01,-7.499999999999999722e-03,9.497999999999999776e-01
5.725600000000000000e+04,4.379999999999999893e+00,6.700000000000000400e-01,8.980000000000000426e+00,2.338000000000000078e-01,2.076000000000000068e-01,-7.799999999999999642e-03,9.497999999999999776e-01
5.726200000000000000e+04,4.379999999999999893e+00,6.700000000000000400e-01,8.980000000000000426e+00,2.338000000000000078e-01,2.076999999999999957e-01,-8.000000000000000167e-03,9.497999999999999776e-01
5.726900000000000000e+04,4.379999999999999893e+00,5.500000000000000444e-01,8.910000000000000142e+00,2.338000000000000078e-01,2.076999999999999957e-01,-8.000000000000000167e-03,9.497999999999999776e-01
5.727500000000000000e+04,4.379999999999999893e+00,5.500000000000000444e-01,8.910000000000000142e+00,2.336000000000000021e-01,2.079000000000000015e-01,-8.600000000000000006e-03,9.497999999999999776e-01
5.728100000000000000e+04,4.379999999999999893e+00,5.500000000000000444e-01,8.910000000000000142e+00,2.336000000000000021e-01,2.079000000000000015e-01,-8.699999999999999400e-03,9.497999999999999776e-01
5.728800000000000000e+04,4.339999999999999858e+00,5.500000000000000444e-01,8.949999999999999289e+00,2.333999999999999964e-01,2.081999999999999962e-01,-9.199999999999999845e-03,9.497999999999999776e-01
5.729500000000000000e+04,4.339999999999999858e+00,5.899999999999999689e-01,8.910000000000000142e+00,2.333000000000000074e-01,2.083000000000000129e-01,-9.400000000000000369e-03,9.497999999999999776e-01
5.730100000000000000e+04,4.339999999999999858e+00,5.899999999999999689e-01,8.910000000000000142e+00,2.333000000000000074e-01,2.083000000000000129e-01,-9.400000000000000369e-03,9.497999999999999776e-01
5.730800000000000000e+04,4.339999999999999858e+00,6.700000000000000400e-01,8.910000000000000142e+00,2.331999999999999906e-01,2.084000000000000019e-01,-9.900000000000000813e-03,9.497999999999999776e-01
5.731500000000000000e+04,4.339999999999999858e+00,6.700000000000000400e-01,8.910000000000000142e+00,2.331000000000000016e-01,2.086000000000000076e-01,-1.009999999999999960e-02,9.497999999999999776e-01
5.732200000000000000e+04,4.339999999999999858e+00,7.099999999999999645e-01,8.949999999999999289e+00,2.331000000000000016e-01,2.086000000000000076e-01,-1.009999999999999960e-02,9.497999999999999776e-01
5.732900000000000000e+04,4.339999999999999858e+00,7.099999999999999645e-01,8.949999999999999289e+00,2.330000000000000127e-01,2.086999999999999966e-01,-1.039999999999999952e-02,9.497999999999999776e-01
5.733600000000000000e+04,4.419999999999999929e+00,5.500000000000000444e-01,8.949999999999999289e+00,2.328000000000000069e-01,2.089999999999999913e-01,-1.089999999999999997e-02,9.497999999999999776e-01
5.734300000000000000e+04,4.379999999999999893e+00,5.200000000000000178e-01,8.949999999999999289e+00,2.326999999999999902e-01,2.089000000000000024e-01,-1.110000000000000049e-02,9.497999999999999776e-01
5.735600000000000000e+04,4.379999999999999893e+00,5.200000000000000178e-01,8.949999999999999289e+00,2.326999999999999902e-01,2.089000000000000024e-01,-1.110000000000000049e-02,9.497999999999999776e-01
5.736200000000000000e+04,4.339999999999999858e+00,4.400000000000000022e-01,8.949999999999999289e+00,2.323000000000000065e-01,2.094999999999999918e-01,-1.230000000000000017e-02,9.497999999999999776e-01
5.736900000000000000e+04,4.379999999999999893e+00,4.799999999999999822e-01,8.910000000000000142e+00,2.321999999999999897e-01,2.096000000000000085e-01,-1.260000000000000009e-02,9.496999999999999886e-01
5.737600000000000000e+04,4.379999999999999893e+00,4.000000000000000222e-01,8.949999999999999289e+00,2.321999999999999897e-01,2.096000000000000085e-01,-1.260000000000000009e-02,9.496999999999999886e-01
5.738200000000000000e+04,4.379999999999999893e+00,4.000000000000000222e-01,8.949999999999999289e+00,2.318999999999999950e-01,2.097999999999999865e-01,-1.340000000000000045e-02,9.496999999999999886e-01
5.738900000000000000e+04,4.419999999999999929e+00,4.400000000000000022e-01,8.910000000000000142e+00,2.318999999999999950e-01,2.099999999999999922e-01,-1.370000000000000037e-02,9.496999999999999886e-01
5.739600000000000000e+04,4.379999999999999893e+00,4.799999999999999822e-01,8.910000000000000142e+00,2.316999999999999893e-01,2.101000000000000090e-01,-1.409999999999999969e-02,9.496999999999999886e-01
5.740300000000000000e+04,4.299999999999999822e+00,5.500000000000000444e-01,8.949999999999999289e+00,2.315000000000000113e-01,2.101000000000000090e-01,-1.450000000000000074e-02,9.497999999999999776e-01
5.740900000000000000e+04,4.299999999999999822e+00,5.500000000000000444e-01,8.949999999999999289e+00,2.315000000000000113e-01,2.101000000000000090e-01,-1.450000000000000074e-02,9.497999999999999776e-01
5.741600000000000000e+04,4.379999999999999893e+00,5.899999999999999689e-01,8.949999999999999289e+00,2.313000000000000056e-01,2.102999999999999869e-01,-1.499999999999999944e-02,9.497999999999999776e-01
5.742200000000000000e+04,4.419999999999999929e+00,5.500000000000000444e-01,8.910000000000000142e+00,2.311999999999999889e-01,2.104000000000000037e-01,-1.519999999999999997e-02,9.497999999999999776e-01
5.742800000000000000e+04,4.419999999999999929e+00,5.500000000000000444e-01,8.980000000000000426e+00,2.310999999999999999e-01,2.106000000000000094e-01,-1.540000000000000049e-02,9.497999999999999776e-01
5.743400000000000000e+04,4.419999999999999929e+00,5.500000000000000444e-01,8.980000000000000426e+00,2.310999999999999999e-01,2.106000000000000094e-01,-1.540000000000000049e-02,9.497999999999999776e-01
5.744000000000000000e+04,4.419999999999999929e+00,5.500000000000000444e-01,8.980000000000000426e+00,2.308000000000000052e-01,2.106000000000000094e-01,-1.600000000000000033e-02,9.497999999999999776e-01
5.744600000000000000e+04,4.419999999999999929e+00,4.799999999999999822e-01,8.949999999999999289e+00,2.306999999999999884e-01,2.107999999999999874e-01,-1.619999999999999912e-02,9.497999999999999776e-01
5.745300000000000000e+04,4.419999999999999929e+00,4.400000000000000022e-01,8.910000000000000142e+00,2.305000000000000104e-01,2.109000000000000041e-01,-1.660000000000000017e-02,9.497999999999999776e-01
5.746000000000000000e+04,4.419999999999999929e+00,2.899999999999999800e-01,8.869999999999999218e+00,2.303999999999999937e-01,2.111000000000000099e-01,-1.679999999999999896e-02,9.497999999999999776e-01
5.746600000000000000e+04,4.379999999999999893e+00,4.400000000000000022e-01,8.949999999999999289e+00,2.303999999999999937e-01,2.111000000000000099e-01,-1.679999999999999896e-02,9.497999999999999776e-01
5.747200000000000000e+04,4.299999999999999822e+00,5.500000000000000444e-01,8.949999999999999289e+00,2.303000000000000047e-01,2.111000000000000099e-01,-1.700000000000000122e-02,9.497999999999999776e-01
5.747900000000000000e+04,4.339999999999999858e+00,6.300000000000000044e-01,8.910000000000000142e+00,2.301999999999999880e-01,2.111999999999999988e-01,-1.720000000000000001e-02,9.497999999999999776e-01
5.748600000000000000e+04,4.379999999999999893e+00,3.599999999999999867e-01,8.980000000000000426e+00,2.300000000000000100e-01,2.112999999999999878e-01,-1.739999999999999880e-02,9.497999999999999776e-01
5.749200000000000000e+04,4.379999999999999893e+00,3.599999999999999867e-01,8.980000000000000426e+00,2.298999999999999932e-01,2.114000000000000046e-01,-1.750000000000000167e-02,9.497999999999999776e-01
5.749900000000000000e+04,4.299999999999999822e+00,3.599999999999999867e-01,8.910000000000000142e+00,2.298000000000000043e-01,2.114000000000000046e-01,-1.760000000000000106e-02,9.497999999999999776e-01
5.750600000000000000e+04,4.339999999999999858e+00,5.899999999999999689e-01,8.980000000000000426e+00,2.296999999999999875e-01,2.114999999999999936e-01,-1.779999999999999985e-02,9.497999999999999776e-01
5.751300000000000000e+04,4.339999999999999858e+00,5.200000000000000178e-01,8.980000000000000426e+00,2.295999999999999985e-01,2.116000000000000103e-01,-1.799999999999999864e-02,9.497999999999999776e-01
5.752000000000000000e+04,4.379999999999999893e+00,4.000000000000000222e-01,8.910000000000000142e+00,2.293999999999999928e-01,2.116999999999999993e-01,-1.820000000000000090e-02,9.497999999999999776e-01
5.752700000000000000e+04,4.339999999999999858e+00,4.000000000000000222e-01,8.980000000000000426e+00,2.293000000000000038e-01,2.116999999999999993e-01,-1.839999999999999969e-02,9.498999999999999666e-01
5.753400000000000000e+04,4.379999999999999893e+00,5.899999999999999689e-01,8.949999999999999289e+00,2.291999999999999871e-01,2.119000000000000050e-01,-1.849999999999999908e-02,9.498999999999999666e-01
5.754100000000000000e+04,4.379999999999999893e+00,5.899999999999999689e-01,8.949999999999999289e+00,2.291999999999999871e-01,2.119000000000000050e-01,-1.849999999999999908e-02,9.498999999999999666e-01
5.754800000000000000e+04,4.379999999999999893e+00,4.799999999999999822e-01,8.910000000000000142e+00,2.288999999999999924e-01,2.119999999999999940e-01,-1.890000000000000013e-02,9.498999999999999666e-01
5.755400000000000000e+04,4.379999999999999893e+00,4.799999999999999822e-01,8.910000000000000142e+00,2.288999999999999924e-01,2.119999999999999940e-01,-1.890000000000000013e-02,9.498999999999999666e-01
5.756100000000000000e+04,4.379999999999999893e+00,3.599999999999999867e-01,8.869999999999999218e+00,2.288000000000000034e-01,2.121999999999999997e-01,-1.919999999999999832e-02,9.498999999999999666e-01
5.757500000000000000e+04,4.339999999999999858e+00,4.000000000000000222e-01,8.949999999999999289e+00,2.288000000000000034e-01,2.121999999999999997e-01,-1.919999999999999832e-02,9.498999999999999666e-01
5.758100000000000000e+04,4.379999999999999893e+00,4.400000000000000022e-01,8.949999999999999289e+00,2.285000000000000087e-01,2.124999999999999944e-01,-1.959999999999999937e-02,9.498999999999999666e-01
5.758700000000000000e+04,4.379999999999999893e+00,4.400000000000000022e-01,8.949999999999999289e+00,2.283999999999999919e-01,2.126000000000000112e-01,-1.969999999999999876e-02,9.498999999999999666e-01
5.759500000000000000e+04,4.339999999999999858e+00,5.200000000000000178e-01,8.949999999999999289e+00,2.281999999999999862e-01,2.127000000000000002e-01,-1.980000000000000163e-02,9.498999999999999666e-01
5.760100000000000000e+04,4.339999999999999858e+00,5.200000000000000178e-01,8.949999999999999289e+00,2.280999999999999972e-01,2.127999999999999892e-01,-1.990000000000000102e-02,9.498999999999999666e-01
5.760700000000000000e+04,4.339999999999999858e+00,5.200000000000000178e-01,8.949999999999999289e+00,2.280999999999999972e-01,2.127999999999999892e-01,-2.000000000000000042e-02,9.498999999999999666e-01
5.761300000000000000e+04,4.419999999999999929e+00,5.899999999999999689e-01,8.910000000000000142e+00,2.280999999999999972e-01,2.127999999999999892e-01,-2.000000000000000042e-02,9.498999999999999666e-01
5.761900000000000000e+04,4.379999999999999893e+00,4.000000000000000222e-01,8.949999999999999289e+00,2.280000000000000082e-01,2.129000000000000059e-01,-2.009999999999999981e-02,9.498999999999999666e-01
5.762500000000000000e+04,4.379999999999999893e+00,4.000000000000000222e-01,8.949999999999999289e+00,2.278999999999999915e-01,2.129999999999999949e-01,-2.019999999999999921e-02,9.498999999999999666e-01
5.763300000000000000e+04,4.459999999999999964e+00,4.799999999999999822e-01,8.949999999999999289e+00,2.278999999999999915e-01,2.129999999999999949e-01,-2.019999999999999921e-02,9.498999999999999666e-01
5.763900000000000000e+04,4.459999999999999964e+00,4.400000000000000022e-01,8.949999999999999289e+00,2.278000000000000025e-01,2.131000000000000116e-01,-2.040000000000000147e-02,9.498999999999999666e-01
5.764600000000000000e+04,4.379999999999999893e+00,3.599999999999999867e-01,8.910000000000000142e+00,2.278000000000000025e-01,2.131000000000000116e-01,-2.040000000000000147e-02,9.498999999999999666e-01
5.765300000000000000e+04,4.379999999999999893e+00,4.400000000000000022e-01,8.980000000000000426e+00,2.277000000000000135e-01,2.131000000000000116e-01,-2.050000000000000086e-02,9.498999999999999666e-01
5.766000000000000000e+04,4.379999999999999893e+00,4.400000000000000022e-01,8.910000000000000142e+00,2.275999999999999968e-01,2.132000000000000006e-01,-2.060000000000000026e-02,9.498999999999999666e-01
5.766700000000000000e+04,4.379999999999999893e+00,4.400000000000000022e-01,8.949999999999999289e+00,2.275000000000000078e-01,2.132000000000000006e-01,-2.060000000000000026e-02,9.499999999999999556e-01
5.767400000000000000e+04,4.299999999999999822e+00,3.599999999999999867e-01,8.869999999999999218e+00,2.275000000000000078e-01,2.132999999999999896e-01,-2.060000000000000026e-02,9.499999999999999556e-01
5.768100000000000000e+04,4.339999999999999858e+00,4.000000000000000222e-01,8.910000000000000142e+00,2.273999999999999910e-01,2.132999999999999896e-01,-2.069999999999999965e-02,9.498999999999999666e-01
5.768800000000000000e+04,4.339999999999999858e+00,4.000000000000000222e-01,8.949999999999999289e+00,2.273999999999999910e-01,2.132999999999999896e-01,-2.060000000000000026e-02,9.499999999999999556e-01
5.769500000000000000e+04,4.339999999999999858e+00,4.000000000000000222e-01,8.949999999999999289e+00,2.273999999999999910e-01,2.134000000000000064e-01,-2.069999999999999965e-02,9.498999999999999666e-01
5.770200000000000000e+04,4.379999999999999893e+00,5.500000000000000444e-01,8.949999999999999289e+00,2.273999999999999910e-01,2.134000000000000064e-01,-2.069999999999999965e-02,9.498999999999999666e-01
5.770900000000000000e+04,4.459999999999999964e+00,4.799999999999999822e-01,8.949999999999999289e+00,2.273000000000000020e-01,2.134999999999999953e-01,-2.079999999999999905e-02,9.498999999999999666e-01
5.771700000000000000e+04,4.299999999999999822e+00,4.799999999999999822e-01,8.949999999999999289e+00,2.273000000000000020e-01,2.136000000000000121e-01,-2.079999999999999905e-02,9.498999999999999666e-01
5.772300000000000000e+04,4.299999999999999822e+00,5.899999999999999689e-01,8.949999999999999289e+00,2.272000000000000131e-01,2.136000000000000121e-01,-2.079999999999999905e-02,9.498999999999999666e-01
5.772900000000000000e+04,4.419999999999999929e+00,5.500000000000000444e-01,8.949999999999999289e+00,2.272000000000000131e-01,2.136000000000000121e-01,-2.089999999999999844e-02,9.498999999999999666e-01
5.773500000000000000e+04,4.419999999999999929e+00,4.799999999999999822e-01,8.949999999999999289e+00,2.272000000000000131e-01,2.136000000000000121e-01,-2.089999999999999844e-02,9.498999999999999666e-01
5.774200000000000000e+04,4.379999999999999893e+00,4.799999999999999822e-01,8.910000000000000142e+00,2.270999999999999963e-01,2.136000000000000121e-01,-2.100000000000000130e-02,9.499999999999999556e-01
5.774800000000000000e+04,4.379999999999999893e+00,4.799999999999999822e-01,8.949999999999999289e+00,2.270999999999999963e-01,2.137000000000000011e-01,-2.120000000000000009e-02,9.499999999999999556e-01
5.775500000000000000e+04,4.379999999999999893e+00,5.200000000000000178e-01,8.910000000000000142e+00,2.270000000000000073e-01,2.137000000000000011e-01,-2.120000000000000009e-02,9.498999999999999666e-01
5.776100000000000000e+04,4.299999999999999822e+00,4.000000000000000222e-01,8.910000000000000142e+00,2.270000000000000073e-01,2.137000000000000011e-01,-2.120000000000000009e-02,9.498999999999999666e-01
5.776700000000000000e+04,4.299999999999999822e+00,4.000000000000000222e-01,8.910000000000000142e+00,2.268999999999999906e-01,2.137999999999999901e-01,-2.149999999999999828e-02,9.498999999999999666e-01
5.777300000000000000e+04,4.299999999999999822e+00,4.000000000000000222e-01,8.910000000000000142e+00,2.268999999999999906e-01,2.139000000000000068e-01,-2.149999999999999828e-02,9.498999999999999666e-01
5.778000000000000000e+04,4.379999999999999893e+00,4.000000000000000222e-01,8.869999999999999218e+00,2.268000000000000016e-01,2.139000000000000068e-01,-2.160000000000000114e-02,9.498999999999999666e-01
5.779300000000000000e+04,4.379999999999999893e+00,4.000000000000000222e-01,8.869999999999999218e+00,2.268000000000000016e-01,2.139000000000000068e-01,-2.160000000000000114e-02,9.498999999999999666e-01
5.780100000000000000e+04,4.379999999999999893e+00,3.599999999999999867e-01,8.949999999999999289e+00,2.265999999999999959e-01,2.142000000000000015e-01,-2.199999999999999872e-02,9.498999999999999666e-01
5.781000000000000000e+04,4.459999999999999964e+00,3.599999999999999867e-01,8.949999999999999289e+00,2.265000000000000069e-01,2.144000000000000072e-01,-2.210000000000000159e-02,9.498999999999999666e-01
5.781700000000000000e+04,4.379999999999999893e+00,5.500000000000000444e-01,8.910000000000000142e+00,2.265000000000000069e-01,2.144000000000000072e-01,-2.220000000000000098e-02,9.498999999999999666e-01
5.782500000000000000e+04,4.379999999999999893e+00,5.200000000000000178e-01,8.949999999999999289e+00,2.265000000000000069e-01,2.144000000000000072e-01,-2.220000000000000098e-02,9.498999999999999666e-01
5.783100000000000000e+04,4.379999999999999893e+00,5.200000000000000178e-01,8.910000000000000142e+00,2.263999999999999901e-01,2.144000000000000072e-01,-2.230000000000000038e-02,9.498999999999999666e-01
5.783700000000000000e+04,4.419999999999999929e+00,4.400000000000000022e-01,8.980000000000000426e+00,2.263000000000000012e-01,2.144999999999999962e-01,-2.239999999999999977e-02,9.498999999999999666e-01
5.784300000000000000e+04,4.419999999999999929e+00,4.400000000000000022e-01,8.980000000000000426e+00,2.263000000000000012e-01,2.144999999999999962e-01,-2.239999999999999977e-02,9.498999999999999666e-01
5.784900000000000000e+04,4.419999999999999929e+00,4.400000000000000022e-01,8.980000000000000426e+00,2.263000000000000012e-01,2.147000000000000020e-01,-2.249999999999999917e-02,9.497999999999999776e-01
5.785500000000000000e+04,4.419999999999999929e+00,4.400000000000000022e-01,8.980000000000000426e+00,2.263000000000000012e-01,2.147000000000000020e-01,-2.249999999999999917e-02,9.497999999999999776e-01
5.786100000000000000e+04,4.419999999999999929e+00,4.400000000000000022e-01,8.980000000000000426e+00,2.262000000000000122e-01,2.147999999999999909e-01,-2.270000000000000143e-02,9.497999999999999776e-01
5.786700000000000000e+04,4.379999999999999893e+00,4.400000000000000022e-01,8.980000000000000426e+00,2.260999999999999954e-01,2.147999999999999909e-01,-2.270000000000000143e-02,9.497999999999999776e-01
5.787400000000000000e+04,4.379999999999999893e+00,4.400000000000000022e-01,8.980000000000000426e+00,2.260999999999999954e-01,2.147999999999999909e-01,-2.280000000000000082e-02,9.497999999999999776e-01
5.788000000000000000e+04,4.339999999999999858e+00,4.799999999999999822e-01,8.910000000000000142e+00,2.260999999999999954e-01,2.149000000000000077e-01,-2.280000000000000082e-02,9.497999999999999776e-01
5.788600000000000000e+04,4.419999999999999929e+00,5.200000000000000178e-01,8.910000000000000142e+00,2.260999999999999954e-01,2.149000000000000077e-01,-2.280000000000000082e-02,9.497999999999999776e-01
5.789400000000000000e+04,4.379999999999999893e+00,4.400000000000000022e-01,8.869999999999999218e+00,2.260999999999999954e-01,2.147999999999999909e-01,-2.280000000000000082e-02,9.497999999999999776e-01
5.790000000000000000e+04,4.339999999999999858e+00,4.400000000000000022e-01,8.980000000000000426e+00,2.260000000000000064e-01,2.149000000000000077e-01,-2.290000000000000022e-02,9.497999999999999776e-01
5.790600000000000000e+04,4.379999999999999893e+00,4.799999999999999822e-01,8.949999999999999289e+00,2.260000000000000064e-01,2.149000000000000077e-01,-2.290000000000000022e-02,9.497999999999999776e-01
5.791300000000000000e+04,4.379999999999999893e+00,4.799999999999999822e-01,8.949999999999999289e+00,2.260000000000000064e-01,2.149999999999999967e-01,-2.299999999999999961e-02,9.497999999999999776e-01
5.791900000000000000e+04,4.379999999999999893e+00,4.000000000000000222e-01,8.910000000000000142e+00,2.258000000000000007e-01,2.149999999999999967e-01,-2.309999999999999901e-02,9.497999999999999776e-01
5.792600000000000000e+04,4.379999999999999893e+00,4.000000000000000222e-01,8.910000000000000142e+00,2.258000000000000007e-01,2.149999999999999967e-01,-2.309999999999999901e-02,9.497999999999999776e-01
5.793200000000000000e+04,4.379999999999999893e+00,4.000000000000000222e-01,8.910000000000000142e+00,2.258000000000000007e-01,2.149999999999999967e-01,-2.309999999999999901e-02,9.497999999999999776e-01
5.793800000000000000e+04,4.379999999999999893e+00,4.000000000000000222e-01,8.910000000000000142e+00,2.258000000000000007e-01,2.149999999999999967e-01,-2.309999999999999901e-02,9.497999999999999776e-01
5.794600000000000000e+04,4.379999999999999893e+00,4.400000000000000022e-01,8.910000000000000142e+00,2.255999999999999950e-01,2.152000000000000024e-01,-2.330000000000000127e-02,9.497999999999999776e-01
5.795300000000000000e+04,4.299999999999999822e+00,4.400000000000000022e-01,8.949999999999999289e+00,2.255999999999999950e-01,2.152000000000000024e-01,-2.340000000000000066e-02,9.498999999999999666e-01
5.796100000000000000e+04,4.379999999999999893e+00,4.000000000000000222e-01,8.949999999999999289e+00,2.255000000000000060e-01,2.152999999999999914e-01,-2.350000000000000006e-02,9.498999999999999666e-01
5.796800000000000000e+04,4.379999999999999893e+00,3.599999999999999867e-01,8.910000000000000142e+00,2.255000000000000060e-01,2.154000000000000081e-01,-2.359999999999999945e-02,9.497999999999999776e-01
5.797400000000000000e+04,4.379999999999999893e+00,3.599999999999999867e-01,8.910000000000000142e+00,2.253999999999999893e-01,2.154000000000000081e-01,-2.359999999999999945e-02,9.497999999999999776e-01
